ISO-10303-21;
HEADER;
/* Generated by software containing ST-Developer
 * from STEP Tools, Inc. (www.steptools.com) 
 */
/* OPTION: using custom renumber hook */

FILE_DESCRIPTION(
/* description */ ('STEP AP242 Edition 2',
'CAx-IF Rec.Pracs.---Representation and Presentation of Product Manufa
cturing Information (PMI)---4.0---2014-10-13',
'CAx-IF Rec.Pracs.---3D Tessellated Geometry---0.4---2014-09-14','2;1',
'CAx-IF Rec.Pracs.---User Defined Attributes---1.5---2016-08-15'),
/* implementation_level */ '2;1');

FILE_NAME(
/* name */ 'Part Studio 1 - Part 6',
/* time_stamp */ '2026-09-24T13:17:58Z',
/* author */ (''),
/* organization */ (''),
/* preprocessor_version */ 'ST-DEVELOPER v20',
/* originating_system */ 'ONSHAPE BY PTC INC, 1.221',
/* authorisation */ '  ');

FILE_SCHEMA (('AP242_MANAGED_MODEL_BASED_3D_ENGINEERING_MIM_LF { 1 0 10303 442 3 1 4 }'));
ENDSEC;

DATA;
#10=SHAPE_REPRESENTATION_RELATIONSHIP('','',#2198,#11);
#11=ADVANCED_BREP_SHAPE_REPRESENTATION('',(#2196),#3877);
#12=(
BOUNDED_SURFACE()
B_SPLINE_SURFACE(3,2,((#3795,#3796,#3797),(#3798,#3799,#3800),(#3801,#3802,
#3803),(#3804,#3805,#3806),(#3807,#3808,#3809)),.UNSPECIFIED.,.F.,.F.,.F.)
B_SPLINE_SURFACE_WITH_KNOTS((4,1,4),(3,3),(-4.46691295064028E-17,0.00287272315264809,
0.00574544630529622),(0.,1.),.UNSPECIFIED.)
GEOMETRIC_REPRESENTATION_ITEM()
RATIONAL_B_SPLINE_SURFACE(((1.,0.674714559606076,1.),(1.,0.679538752184948,
1.),(1.,0.690271759390804,1.),(1.,0.701552646888695,1.),(1.,0.70691311736299,
1.)))
REPRESENTATION_ITEM('')
SURFACE()
);
#13=(
BOUNDED_SURFACE()
B_SPLINE_SURFACE(3,2,((#3811,#3812,#3813),(#3814,#3815,#3816),(#3817,#3818,
#3819),(#3820,#3821,#3822),(#3823,#3824,#3825)),.UNSPECIFIED.,.F.,.F.,.F.)
B_SPLINE_SURFACE_WITH_KNOTS((4,1,4),(3,3),(-2.16840434497101E-18,0.00316894365607037,
0.00633788731214074),(0.,1.),.UNSPECIFIED.)
GEOMETRIC_REPRESENTATION_ITEM()
RATIONAL_B_SPLINE_SURFACE(((1.,0.721016791890265,1.),(1.,0.721016791810443,
1.),(1.,0.708463989503012,1.),(1.,0.68304229987788,1.),(1.,0.674714559606099,
1.)))
REPRESENTATION_ITEM('')
SURFACE()
);
#14=(
BOUNDED_SURFACE()
B_SPLINE_SURFACE(3,2,((#3830,#3831,#3832),(#3833,#3834,#3835),(#3836,#3837,
#3838),(#3839,#3840,#3841),(#3842,#3843,#3844)),.UNSPECIFIED.,.F.,.F.,.F.)
B_SPLINE_SURFACE_WITH_KNOTS((4,1,4),(3,3),(1.04083408558608E-17,0.00287272315264814,
0.00574544630529627),(0.,1.),.UNSPECIFIED.)
GEOMETRIC_REPRESENTATION_ITEM()
RATIONAL_B_SPLINE_SURFACE(((1.,0.674714559606102,1.),(1.,0.679538752184219,
1.),(1.,0.690271759390687,1.),(1.,0.701552646889708,1.),(1.,0.706913117362988,
1.)))
REPRESENTATION_ITEM('')
SURFACE()
);
#15=(
BOUNDED_SURFACE()
B_SPLINE_SURFACE(3,2,((#3846,#3847,#3848),(#3849,#3850,#3851),(#3852,#3853,
#3854),(#3855,#3856,#3857),(#3858,#3859,#3860)),.UNSPECIFIED.,.F.,.F.,.F.)
B_SPLINE_SURFACE_WITH_KNOTS((4,1,4),(3,3),(-6.50521303491303E-18,0.00316894365607009,
0.00633788731214018),(0.,1.),.UNSPECIFIED.)
GEOMETRIC_REPRESENTATION_ITEM()
RATIONAL_B_SPLINE_SURFACE(((1.,0.721016791890265,1.),(1.,0.721016791810205,
1.),(1.,0.708463989501875,1.),(1.,0.683042299880402,1.),(1.,0.674714559606102,
1.)))
REPRESENTATION_ITEM('')
SURFACE()
);
#16=TOROIDAL_SURFACE('',#2486,0.0118863958534559,0.00144852813742386);
#17=TOROIDAL_SURFACE('',#2489,0.0688664718625762,0.00144852813742386);
#18=TOROIDAL_SURFACE('',#2493,0.074177741699797,0.00386274169979696);
#19=TOROIDAL_SURFACE('',#2498,0.00241421186257614,0.00144852813742386);
#20=TOROIDAL_SURFACE('',#2503,0.00241421186257614,0.00144852813742386);
#21=PLANE('',#2459);
#22=PLANE('',#2472);
#23=PLANE('',#2478);
#24=PLANE('',#2481);
#25=PLANE('',#2482);
#26=PLANE('',#2485);
#27=PLANE('',#2504);
#28=PLANE('',#2506);
#29=PLANE('',#2511);
#30=B_SPLINE_CURVE_WITH_KNOTS('',3,(#3605,#3606,#3607,#3608,#3609,#3610,
#3611,#3612,#3613,#3614,#3615,#3616,#3617,#3618,#3619,#3620,#3621,#3622,
#3623),.UNSPECIFIED.,.T.,.F.,(1,1,1,1,1,1,1,1,1,1,1,1,1,1,1,1,1,1,1,1,1,
1,1),(-0.00544397762771593,-0.00362931841847729,-0.00181465920923865,1.03272961034571E-18,
0.00181465920923865,0.00362931841847729,0.00544397762771593,0.00725863683695458,
0.00907329604619322,0.0108879552554319,0.0127026144646705,0.0145172736739092,
0.0163319328831478,0.0181465920923864,0.0199612513016251,0.0217759105108637,
0.0235905697201024,0.025405228929341,0.0272198881385797,0.0290345473478183,
0.030849206557057,0.0326638657662956,0.0344785249755342),.UNSPECIFIED.);
#31=B_SPLINE_CURVE_WITH_KNOTS('',3,(#3668,#3669,#3670,#3671),
 .UNSPECIFIED.,.F.,.F.,(4,4),(0.,0.00504995655719368),.UNSPECIFIED.);
#32=B_SPLINE_CURVE_WITH_KNOTS('',3,(#3675,#3676,#3677,#3678),
 .UNSPECIFIED.,.F.,.F.,(4,4),(0.,0.00504089156096583),.UNSPECIFIED.);
#33=B_SPLINE_CURVE_WITH_KNOTS('',3,(#3691,#3692,#3693,#3694,#3695,#3696,
#3697,#3698,#3699,#3700,#3701,#3702,#3703,#3704,#3705,#3706,#3707,#3708,
#3709),.UNSPECIFIED.,.T.,.F.,(1,1,1,1,1,1,1,1,1,1,1,1,1,1,1,1,1,1,1,1,1,
1,1),(-0.00546143120978448,-0.00364095413985632,-0.00182047706992816,1.00568563404266E-19,
0.00182047706992816,0.00364095413985632,0.00546143120978448,0.00728190827971265,
0.00910238534964081,0.010922862419569,0.0127433394894971,0.0145638165594253,
0.0163842936293535,0.0182047706992816,0.0200252477692098,0.0218457248391379,
0.0236662019090661,0.0254866789789943,0.0273071560489224,0.0291276331188506,
0.0309481101887787,0.0327685872587069,0.0345890643286351),.UNSPECIFIED.);
#34=B_SPLINE_CURVE_WITH_KNOTS('',3,(#3716,#3717,#3718,#3719,#3720),
 .UNSPECIFIED.,.F.,.F.,(4,1,4),(0.,0.0030197728408709,0.0060395456817418),
 .UNSPECIFIED.);
#35=B_SPLINE_CURVE_WITH_KNOTS('',3,(#3725,#3726,#3727,#3728,#3729),
 .UNSPECIFIED.,.F.,.F.,(4,1,4),(3.25800281346686E-16,0.00304165358231665,
0.00608330716463297),.UNSPECIFIED.);
#36=B_SPLINE_CURVE_WITH_KNOTS('',3,(#3733,#3734,#3735,#3736),
 .UNSPECIFIED.,.F.,.F.,(4,4),(0.,0.000293526218354721),.UNSPECIFIED.);
#37=B_SPLINE_CURVE_WITH_KNOTS('',3,(#3738,#3739,#3740,#3741),
 .UNSPECIFIED.,.F.,.F.,(4,4),(0.,0.000293526218354163),.UNSPECIFIED.);
#38=B_SPLINE_CURVE_WITH_KNOTS('',3,(#3743,#3744,#3745,#3746,#3747),
 .UNSPECIFIED.,.F.,.F.,(4,1,4),(0.,0.00208615215830555,0.00417230431661109),
 .UNSPECIFIED.);
#39=B_SPLINE_CURVE_WITH_KNOTS('',3,(#3751,#3752,#3753,#3754,#3755),
 .UNSPECIFIED.,.F.,.F.,(4,1,4),(2.79715755706988E-17,0.00208659858981726,
0.00417319717963449),.UNSPECIFIED.);
#40=B_SPLINE_CURVE_WITH_KNOTS('',3,(#3761,#3762,#3763,#3764),
 .UNSPECIFIED.,.F.,.F.,(4,4),(0.00865349537278513,0.0100065330461298),
 .UNSPECIFIED.);
#41=B_SPLINE_CURVE_WITH_KNOTS('',3,(#3768,#3769,#3770,#3771),
 .UNSPECIFIED.,.F.,.F.,(4,4),(0.000170642729729127,0.00152562157412283),
 .UNSPECIFIED.);
#42=B_SPLINE_CURVE_WITH_KNOTS('',3,(#3775,#3776,#3777,#3778),
 .UNSPECIFIED.,.F.,.F.,(4,4),(0.,0.00255566420467812),.UNSPECIFIED.);
#43=B_SPLINE_CURVE_WITH_KNOTS('',3,(#3780,#3781,#3782,#3783,#3784),
 .UNSPECIFIED.,.F.,.F.,(4,1,4),(0.,0.00160407280669533,0.00320814561339066),
 .UNSPECIFIED.);
#44=B_SPLINE_CURVE_WITH_KNOTS('',3,(#3785,#3786,#3787,#3788,#3789),
 .UNSPECIFIED.,.F.,.F.,(4,1,4),(0.,0.00158540657704749,0.00317081315409497),
 .UNSPECIFIED.);
#45=B_SPLINE_CURVE_WITH_KNOTS('',3,(#3791,#3792,#3793,#3794),
 .UNSPECIFIED.,.F.,.F.,(4,4),(0.,0.00254883521350398),.UNSPECIFIED.);
#46=LINE('',#3583,#68);
#47=LINE('',#3587,#69);
#48=LINE('',#3591,#70);
#49=LINE('',#3595,#71);
#50=LINE('',#3599,#72);
#51=LINE('',#3603,#73);
#52=LINE('',#3633,#74);
#53=LINE('',#3637,#75);
#54=LINE('',#3650,#76);
#55=LINE('',#3652,#77);
#56=LINE('',#3654,#78);
#57=LINE('',#3659,#79);
#58=LINE('',#3663,#80);
#59=LINE('',#3665,#81);
#60=LINE('',#3680,#82);
#61=LINE('',#3689,#83);
#62=LINE('',#3714,#84);
#63=LINE('',#3722,#85);
#64=LINE('',#3723,#86);
#65=LINE('',#3731,#87);
#66=LINE('',#3866,#88);
#67=LINE('',#3868,#89);
#68=VECTOR('',#3017,1.);
#69=VECTOR('',#3020,1.);
#70=VECTOR('',#3023,1.);
#71=VECTOR('',#3026,1.);
#72=VECTOR('',#3029,1.);
#73=VECTOR('',#3032,1.);
#74=VECTOR('',#3045,1.);
#75=VECTOR('',#3048,1.);
#76=VECTOR('',#3061,1.);
#77=VECTOR('',#3062,1.);
#78=VECTOR('',#3063,1.);
#79=VECTOR('',#3068,1.);
#80=VECTOR('',#3071,1.);
#81=VECTOR('',#3074,1.);
#82=VECTOR('',#3077,1.);
#83=VECTOR('',#3088,1.);
#84=VECTOR('',#3093,1.);
#85=VECTOR('',#3094,1.);
#86=VECTOR('',#3095,1.);
#87=VECTOR('',#3096,1.);
#88=VECTOR('',#3145,1.);
#89=VECTOR('',#3148,1.);
#90=ORIENTED_EDGE('',*,*,#572,.F.);
#91=ORIENTED_EDGE('',*,*,#573,.T.);
#92=ORIENTED_EDGE('',*,*,#574,.F.);
#93=ORIENTED_EDGE('',*,*,#575,.T.);
#94=ORIENTED_EDGE('',*,*,#576,.F.);
#95=ORIENTED_EDGE('',*,*,#577,.T.);
#96=ORIENTED_EDGE('',*,*,#578,.F.);
#97=ORIENTED_EDGE('',*,*,#579,.T.);
#98=ORIENTED_EDGE('',*,*,#580,.F.);
#99=ORIENTED_EDGE('',*,*,#581,.T.);
#100=ORIENTED_EDGE('',*,*,#582,.F.);
#101=ORIENTED_EDGE('',*,*,#583,.T.);
#102=ORIENTED_EDGE('',*,*,#584,.F.);
#103=ORIENTED_EDGE('',*,*,#585,.T.);
#104=ORIENTED_EDGE('',*,*,#586,.F.);
#105=ORIENTED_EDGE('',*,*,#587,.T.);
#106=ORIENTED_EDGE('',*,*,#588,.F.);
#107=ORIENTED_EDGE('',*,*,#589,.T.);
#108=ORIENTED_EDGE('',*,*,#590,.F.);
#109=ORIENTED_EDGE('',*,*,#591,.T.);
#110=ORIENTED_EDGE('',*,*,#592,.F.);
#111=ORIENTED_EDGE('',*,*,#593,.T.);
#112=ORIENTED_EDGE('',*,*,#594,.F.);
#113=ORIENTED_EDGE('',*,*,#595,.T.);
#114=ORIENTED_EDGE('',*,*,#596,.F.);
#115=ORIENTED_EDGE('',*,*,#597,.T.);
#116=ORIENTED_EDGE('',*,*,#598,.F.);
#117=ORIENTED_EDGE('',*,*,#599,.T.);
#118=ORIENTED_EDGE('',*,*,#600,.F.);
#119=ORIENTED_EDGE('',*,*,#601,.T.);
#120=ORIENTED_EDGE('',*,*,#602,.F.);
#121=ORIENTED_EDGE('',*,*,#603,.T.);
#122=ORIENTED_EDGE('',*,*,#604,.F.);
#123=ORIENTED_EDGE('',*,*,#605,.T.);
#124=ORIENTED_EDGE('',*,*,#606,.F.);
#125=ORIENTED_EDGE('',*,*,#607,.T.);
#126=ORIENTED_EDGE('',*,*,#608,.F.);
#127=ORIENTED_EDGE('',*,*,#609,.T.);
#128=ORIENTED_EDGE('',*,*,#610,.F.);
#129=ORIENTED_EDGE('',*,*,#611,.T.);
#130=ORIENTED_EDGE('',*,*,#612,.F.);
#131=ORIENTED_EDGE('',*,*,#613,.T.);
#132=ORIENTED_EDGE('',*,*,#614,.F.);
#133=ORIENTED_EDGE('',*,*,#615,.T.);
#134=ORIENTED_EDGE('',*,*,#616,.F.);
#135=ORIENTED_EDGE('',*,*,#617,.T.);
#136=ORIENTED_EDGE('',*,*,#618,.F.);
#137=ORIENTED_EDGE('',*,*,#619,.T.);
#138=ORIENTED_EDGE('',*,*,#620,.F.);
#139=ORIENTED_EDGE('',*,*,#621,.T.);
#140=ORIENTED_EDGE('',*,*,#622,.F.);
#141=ORIENTED_EDGE('',*,*,#623,.T.);
#142=ORIENTED_EDGE('',*,*,#624,.F.);
#143=ORIENTED_EDGE('',*,*,#625,.T.);
#144=ORIENTED_EDGE('',*,*,#626,.F.);
#145=ORIENTED_EDGE('',*,*,#627,.T.);
#146=ORIENTED_EDGE('',*,*,#628,.F.);
#147=ORIENTED_EDGE('',*,*,#629,.T.);
#148=ORIENTED_EDGE('',*,*,#630,.F.);
#149=ORIENTED_EDGE('',*,*,#631,.T.);
#150=ORIENTED_EDGE('',*,*,#632,.F.);
#151=ORIENTED_EDGE('',*,*,#633,.T.);
#152=ORIENTED_EDGE('',*,*,#634,.F.);
#153=ORIENTED_EDGE('',*,*,#635,.T.);
#154=ORIENTED_EDGE('',*,*,#636,.F.);
#155=ORIENTED_EDGE('',*,*,#637,.T.);
#156=ORIENTED_EDGE('',*,*,#638,.F.);
#157=ORIENTED_EDGE('',*,*,#639,.T.);
#158=ORIENTED_EDGE('',*,*,#640,.F.);
#159=ORIENTED_EDGE('',*,*,#641,.T.);
#160=ORIENTED_EDGE('',*,*,#642,.F.);
#161=ORIENTED_EDGE('',*,*,#643,.T.);
#162=ORIENTED_EDGE('',*,*,#644,.F.);
#163=ORIENTED_EDGE('',*,*,#645,.T.);
#164=ORIENTED_EDGE('',*,*,#646,.F.);
#165=ORIENTED_EDGE('',*,*,#647,.T.);
#166=ORIENTED_EDGE('',*,*,#648,.F.);
#167=ORIENTED_EDGE('',*,*,#649,.T.);
#168=ORIENTED_EDGE('',*,*,#650,.F.);
#169=ORIENTED_EDGE('',*,*,#651,.T.);
#170=ORIENTED_EDGE('',*,*,#652,.F.);
#171=ORIENTED_EDGE('',*,*,#653,.T.);
#172=ORIENTED_EDGE('',*,*,#654,.F.);
#173=ORIENTED_EDGE('',*,*,#655,.T.);
#174=ORIENTED_EDGE('',*,*,#656,.F.);
#175=ORIENTED_EDGE('',*,*,#657,.T.);
#176=ORIENTED_EDGE('',*,*,#658,.F.);
#177=ORIENTED_EDGE('',*,*,#659,.T.);
#178=ORIENTED_EDGE('',*,*,#660,.F.);
#179=ORIENTED_EDGE('',*,*,#661,.T.);
#180=ORIENTED_EDGE('',*,*,#662,.F.);
#181=ORIENTED_EDGE('',*,*,#663,.T.);
#182=ORIENTED_EDGE('',*,*,#664,.F.);
#183=ORIENTED_EDGE('',*,*,#665,.T.);
#184=ORIENTED_EDGE('',*,*,#666,.F.);
#185=ORIENTED_EDGE('',*,*,#667,.T.);
#186=ORIENTED_EDGE('',*,*,#668,.F.);
#187=ORIENTED_EDGE('',*,*,#669,.T.);
#188=ORIENTED_EDGE('',*,*,#670,.F.);
#189=ORIENTED_EDGE('',*,*,#671,.T.);
#190=ORIENTED_EDGE('',*,*,#672,.F.);
#191=ORIENTED_EDGE('',*,*,#673,.T.);
#192=ORIENTED_EDGE('',*,*,#674,.F.);
#193=ORIENTED_EDGE('',*,*,#675,.T.);
#194=ORIENTED_EDGE('',*,*,#676,.F.);
#195=ORIENTED_EDGE('',*,*,#677,.T.);
#196=ORIENTED_EDGE('',*,*,#678,.F.);
#197=ORIENTED_EDGE('',*,*,#679,.T.);
#198=ORIENTED_EDGE('',*,*,#680,.F.);
#199=ORIENTED_EDGE('',*,*,#681,.T.);
#200=ORIENTED_EDGE('',*,*,#682,.F.);
#201=ORIENTED_EDGE('',*,*,#683,.T.);
#202=ORIENTED_EDGE('',*,*,#684,.F.);
#203=ORIENTED_EDGE('',*,*,#685,.T.);
#204=ORIENTED_EDGE('',*,*,#686,.F.);
#205=ORIENTED_EDGE('',*,*,#687,.T.);
#206=ORIENTED_EDGE('',*,*,#688,.F.);
#207=ORIENTED_EDGE('',*,*,#689,.T.);
#208=ORIENTED_EDGE('',*,*,#690,.F.);
#209=ORIENTED_EDGE('',*,*,#691,.T.);
#210=ORIENTED_EDGE('',*,*,#692,.F.);
#211=ORIENTED_EDGE('',*,*,#693,.T.);
#212=ORIENTED_EDGE('',*,*,#694,.F.);
#213=ORIENTED_EDGE('',*,*,#695,.T.);
#214=ORIENTED_EDGE('',*,*,#696,.F.);
#215=ORIENTED_EDGE('',*,*,#697,.T.);
#216=ORIENTED_EDGE('',*,*,#698,.F.);
#217=ORIENTED_EDGE('',*,*,#699,.T.);
#218=ORIENTED_EDGE('',*,*,#700,.F.);
#219=ORIENTED_EDGE('',*,*,#701,.T.);
#220=ORIENTED_EDGE('',*,*,#702,.F.);
#221=ORIENTED_EDGE('',*,*,#703,.T.);
#222=ORIENTED_EDGE('',*,*,#704,.F.);
#223=ORIENTED_EDGE('',*,*,#705,.T.);
#224=ORIENTED_EDGE('',*,*,#706,.F.);
#225=ORIENTED_EDGE('',*,*,#707,.T.);
#226=ORIENTED_EDGE('',*,*,#708,.F.);
#227=ORIENTED_EDGE('',*,*,#709,.T.);
#228=ORIENTED_EDGE('',*,*,#710,.F.);
#229=ORIENTED_EDGE('',*,*,#711,.T.);
#230=ORIENTED_EDGE('',*,*,#712,.F.);
#231=ORIENTED_EDGE('',*,*,#713,.T.);
#232=ORIENTED_EDGE('',*,*,#714,.F.);
#233=ORIENTED_EDGE('',*,*,#715,.T.);
#234=ORIENTED_EDGE('',*,*,#716,.F.);
#235=ORIENTED_EDGE('',*,*,#717,.T.);
#236=ORIENTED_EDGE('',*,*,#718,.F.);
#237=ORIENTED_EDGE('',*,*,#719,.T.);
#238=ORIENTED_EDGE('',*,*,#720,.F.);
#239=ORIENTED_EDGE('',*,*,#721,.T.);
#240=ORIENTED_EDGE('',*,*,#722,.F.);
#241=ORIENTED_EDGE('',*,*,#723,.T.);
#242=ORIENTED_EDGE('',*,*,#724,.F.);
#243=ORIENTED_EDGE('',*,*,#725,.T.);
#244=ORIENTED_EDGE('',*,*,#726,.F.);
#245=ORIENTED_EDGE('',*,*,#727,.T.);
#246=ORIENTED_EDGE('',*,*,#728,.F.);
#247=ORIENTED_EDGE('',*,*,#729,.T.);
#248=ORIENTED_EDGE('',*,*,#730,.F.);
#249=ORIENTED_EDGE('',*,*,#731,.T.);
#250=ORIENTED_EDGE('',*,*,#732,.F.);
#251=ORIENTED_EDGE('',*,*,#733,.T.);
#252=ORIENTED_EDGE('',*,*,#734,.F.);
#253=ORIENTED_EDGE('',*,*,#735,.T.);
#254=ORIENTED_EDGE('',*,*,#736,.F.);
#255=ORIENTED_EDGE('',*,*,#737,.T.);
#256=ORIENTED_EDGE('',*,*,#738,.F.);
#257=ORIENTED_EDGE('',*,*,#739,.F.);
#258=ORIENTED_EDGE('',*,*,#740,.T.);
#259=ORIENTED_EDGE('',*,*,#741,.T.);
#260=ORIENTED_EDGE('',*,*,#742,.T.);
#261=ORIENTED_EDGE('',*,*,#743,.F.);
#262=ORIENTED_EDGE('',*,*,#744,.T.);
#263=ORIENTED_EDGE('',*,*,#745,.T.);
#264=ORIENTED_EDGE('',*,*,#746,.T.);
#265=ORIENTED_EDGE('',*,*,#747,.F.);
#266=ORIENTED_EDGE('',*,*,#748,.T.);
#267=ORIENTED_EDGE('',*,*,#749,.T.);
#268=ORIENTED_EDGE('',*,*,#750,.F.);
#269=ORIENTED_EDGE('',*,*,#741,.F.);
#270=ORIENTED_EDGE('',*,*,#751,.T.);
#271=ORIENTED_EDGE('',*,*,#743,.T.);
#272=ORIENTED_EDGE('',*,*,#752,.F.);
#273=ORIENTED_EDGE('',*,*,#572,.T.);
#274=ORIENTED_EDGE('',*,*,#574,.T.);
#275=ORIENTED_EDGE('',*,*,#576,.T.);
#276=ORIENTED_EDGE('',*,*,#578,.T.);
#277=ORIENTED_EDGE('',*,*,#580,.T.);
#278=ORIENTED_EDGE('',*,*,#582,.T.);
#279=ORIENTED_EDGE('',*,*,#584,.T.);
#280=ORIENTED_EDGE('',*,*,#586,.T.);
#281=ORIENTED_EDGE('',*,*,#588,.T.);
#282=ORIENTED_EDGE('',*,*,#590,.T.);
#283=ORIENTED_EDGE('',*,*,#592,.T.);
#284=ORIENTED_EDGE('',*,*,#594,.T.);
#285=ORIENTED_EDGE('',*,*,#596,.T.);
#286=ORIENTED_EDGE('',*,*,#598,.T.);
#287=ORIENTED_EDGE('',*,*,#600,.T.);
#288=ORIENTED_EDGE('',*,*,#602,.T.);
#289=ORIENTED_EDGE('',*,*,#604,.T.);
#290=ORIENTED_EDGE('',*,*,#606,.T.);
#291=ORIENTED_EDGE('',*,*,#608,.T.);
#292=ORIENTED_EDGE('',*,*,#610,.T.);
#293=ORIENTED_EDGE('',*,*,#612,.T.);
#294=ORIENTED_EDGE('',*,*,#614,.T.);
#295=ORIENTED_EDGE('',*,*,#616,.T.);
#296=ORIENTED_EDGE('',*,*,#618,.T.);
#297=ORIENTED_EDGE('',*,*,#620,.T.);
#298=ORIENTED_EDGE('',*,*,#622,.T.);
#299=ORIENTED_EDGE('',*,*,#624,.T.);
#300=ORIENTED_EDGE('',*,*,#626,.T.);
#301=ORIENTED_EDGE('',*,*,#628,.T.);
#302=ORIENTED_EDGE('',*,*,#630,.T.);
#303=ORIENTED_EDGE('',*,*,#632,.T.);
#304=ORIENTED_EDGE('',*,*,#634,.T.);
#305=ORIENTED_EDGE('',*,*,#636,.T.);
#306=ORIENTED_EDGE('',*,*,#638,.T.);
#307=ORIENTED_EDGE('',*,*,#640,.T.);
#308=ORIENTED_EDGE('',*,*,#642,.T.);
#309=ORIENTED_EDGE('',*,*,#644,.T.);
#310=ORIENTED_EDGE('',*,*,#646,.T.);
#311=ORIENTED_EDGE('',*,*,#648,.T.);
#312=ORIENTED_EDGE('',*,*,#650,.T.);
#313=ORIENTED_EDGE('',*,*,#652,.T.);
#314=ORIENTED_EDGE('',*,*,#654,.T.);
#315=ORIENTED_EDGE('',*,*,#656,.T.);
#316=ORIENTED_EDGE('',*,*,#658,.T.);
#317=ORIENTED_EDGE('',*,*,#660,.T.);
#318=ORIENTED_EDGE('',*,*,#662,.T.);
#319=ORIENTED_EDGE('',*,*,#664,.T.);
#320=ORIENTED_EDGE('',*,*,#666,.T.);
#321=ORIENTED_EDGE('',*,*,#668,.T.);
#322=ORIENTED_EDGE('',*,*,#670,.T.);
#323=ORIENTED_EDGE('',*,*,#672,.T.);
#324=ORIENTED_EDGE('',*,*,#674,.T.);
#325=ORIENTED_EDGE('',*,*,#676,.T.);
#326=ORIENTED_EDGE('',*,*,#678,.T.);
#327=ORIENTED_EDGE('',*,*,#680,.T.);
#328=ORIENTED_EDGE('',*,*,#682,.T.);
#329=ORIENTED_EDGE('',*,*,#684,.T.);
#330=ORIENTED_EDGE('',*,*,#686,.T.);
#331=ORIENTED_EDGE('',*,*,#688,.T.);
#332=ORIENTED_EDGE('',*,*,#690,.T.);
#333=ORIENTED_EDGE('',*,*,#692,.T.);
#334=ORIENTED_EDGE('',*,*,#694,.T.);
#335=ORIENTED_EDGE('',*,*,#696,.T.);
#336=ORIENTED_EDGE('',*,*,#698,.T.);
#337=ORIENTED_EDGE('',*,*,#700,.T.);
#338=ORIENTED_EDGE('',*,*,#702,.T.);
#339=ORIENTED_EDGE('',*,*,#704,.T.);
#340=ORIENTED_EDGE('',*,*,#706,.T.);
#341=ORIENTED_EDGE('',*,*,#708,.T.);
#342=ORIENTED_EDGE('',*,*,#710,.T.);
#343=ORIENTED_EDGE('',*,*,#712,.T.);
#344=ORIENTED_EDGE('',*,*,#714,.T.);
#345=ORIENTED_EDGE('',*,*,#716,.T.);
#346=ORIENTED_EDGE('',*,*,#718,.T.);
#347=ORIENTED_EDGE('',*,*,#720,.T.);
#348=ORIENTED_EDGE('',*,*,#722,.T.);
#349=ORIENTED_EDGE('',*,*,#724,.T.);
#350=ORIENTED_EDGE('',*,*,#726,.T.);
#351=ORIENTED_EDGE('',*,*,#728,.T.);
#352=ORIENTED_EDGE('',*,*,#730,.T.);
#353=ORIENTED_EDGE('',*,*,#732,.T.);
#354=ORIENTED_EDGE('',*,*,#734,.T.);
#355=ORIENTED_EDGE('',*,*,#736,.T.);
#356=ORIENTED_EDGE('',*,*,#753,.T.);
#357=ORIENTED_EDGE('',*,*,#754,.T.);
#358=ORIENTED_EDGE('',*,*,#755,.F.);
#359=ORIENTED_EDGE('',*,*,#756,.F.);
#360=ORIENTED_EDGE('',*,*,#757,.F.);
#361=ORIENTED_EDGE('',*,*,#758,.T.);
#362=ORIENTED_EDGE('',*,*,#759,.F.);
#363=ORIENTED_EDGE('',*,*,#760,.T.);
#364=ORIENTED_EDGE('',*,*,#761,.F.);
#365=ORIENTED_EDGE('',*,*,#753,.F.);
#366=ORIENTED_EDGE('',*,*,#762,.T.);
#367=ORIENTED_EDGE('',*,*,#763,.F.);
#368=ORIENTED_EDGE('',*,*,#764,.T.);
#369=ORIENTED_EDGE('',*,*,#765,.T.);
#370=ORIENTED_EDGE('',*,*,#766,.T.);
#371=ORIENTED_EDGE('',*,*,#767,.T.);
#372=ORIENTED_EDGE('',*,*,#768,.T.);
#373=ORIENTED_EDGE('',*,*,#769,.T.);
#374=ORIENTED_EDGE('',*,*,#752,.T.);
#375=ORIENTED_EDGE('',*,*,#742,.F.);
#376=ORIENTED_EDGE('',*,*,#770,.T.);
#377=ORIENTED_EDGE('',*,*,#771,.T.);
#378=ORIENTED_EDGE('',*,*,#772,.T.);
#379=ORIENTED_EDGE('',*,*,#773,.T.);
#380=ORIENTED_EDGE('',*,*,#774,.F.);
#381=ORIENTED_EDGE('',*,*,#775,.F.);
#382=ORIENTED_EDGE('',*,*,#776,.F.);
#383=ORIENTED_EDGE('',*,*,#777,.F.);
#384=ORIENTED_EDGE('',*,*,#762,.F.);
#385=ORIENTED_EDGE('',*,*,#778,.T.);
#386=ORIENTED_EDGE('',*,*,#776,.T.);
#387=ORIENTED_EDGE('',*,*,#779,.T.);
#388=ORIENTED_EDGE('',*,*,#780,.T.);
#389=ORIENTED_EDGE('',*,*,#781,.T.);
#390=ORIENTED_EDGE('',*,*,#782,.T.);
#391=ORIENTED_EDGE('',*,*,#783,.T.);
#392=ORIENTED_EDGE('',*,*,#775,.T.);
#393=ORIENTED_EDGE('',*,*,#784,.F.);
#394=ORIENTED_EDGE('',*,*,#785,.T.);
#395=ORIENTED_EDGE('',*,*,#786,.T.);
#396=ORIENTED_EDGE('',*,*,#783,.F.);
#397=ORIENTED_EDGE('',*,*,#787,.T.);
#398=ORIENTED_EDGE('',*,*,#770,.F.);
#399=ORIENTED_EDGE('',*,*,#774,.T.);
#400=ORIENTED_EDGE('',*,*,#788,.T.);
#401=ORIENTED_EDGE('',*,*,#784,.T.);
#402=ORIENTED_EDGE('',*,*,#772,.F.);
#403=ORIENTED_EDGE('',*,*,#789,.T.);
#404=ORIENTED_EDGE('',*,*,#790,.T.);
#405=ORIENTED_EDGE('',*,*,#791,.T.);
#406=ORIENTED_EDGE('',*,*,#765,.F.);
#407=ORIENTED_EDGE('',*,*,#764,.F.);
#408=ORIENTED_EDGE('',*,*,#763,.T.);
#409=ORIENTED_EDGE('',*,*,#778,.F.);
#410=ORIENTED_EDGE('',*,*,#780,.F.);
#411=ORIENTED_EDGE('',*,*,#792,.T.);
#412=ORIENTED_EDGE('',*,*,#760,.F.);
#413=ORIENTED_EDGE('',*,*,#793,.T.);
#414=ORIENTED_EDGE('',*,*,#794,.F.);
#415=ORIENTED_EDGE('',*,*,#795,.F.);
#416=ORIENTED_EDGE('',*,*,#796,.F.);
#417=ORIENTED_EDGE('',*,*,#754,.F.);
#418=ORIENTED_EDGE('',*,*,#797,.T.);
#419=ORIENTED_EDGE('',*,*,#768,.F.);
#420=ORIENTED_EDGE('',*,*,#798,.T.);
#421=ORIENTED_EDGE('',*,*,#758,.F.);
#422=ORIENTED_EDGE('',*,*,#790,.F.);
#423=ORIENTED_EDGE('',*,*,#799,.T.);
#424=ORIENTED_EDGE('',*,*,#800,.T.);
#425=ORIENTED_EDGE('',*,*,#766,.F.);
#426=ORIENTED_EDGE('',*,*,#801,.T.);
#427=ORIENTED_EDGE('',*,*,#802,.T.);
#428=ORIENTED_EDGE('',*,*,#791,.F.);
#429=ORIENTED_EDGE('',*,*,#802,.F.);
#430=ORIENTED_EDGE('',*,*,#803,.F.);
#431=ORIENTED_EDGE('',*,*,#788,.F.);
#432=ORIENTED_EDGE('',*,*,#773,.F.);
#433=ORIENTED_EDGE('',*,*,#803,.T.);
#434=ORIENTED_EDGE('',*,*,#801,.F.);
#435=ORIENTED_EDGE('',*,*,#804,.F.);
#436=ORIENTED_EDGE('',*,*,#785,.F.);
#437=ORIENTED_EDGE('',*,*,#804,.T.);
#438=ORIENTED_EDGE('',*,*,#769,.F.);
#439=ORIENTED_EDGE('',*,*,#805,.F.);
#440=ORIENTED_EDGE('',*,*,#786,.F.);
#441=ORIENTED_EDGE('',*,*,#792,.F.);
#442=ORIENTED_EDGE('',*,*,#805,.T.);
#443=ORIENTED_EDGE('',*,*,#797,.F.);
#444=ORIENTED_EDGE('',*,*,#761,.T.);
#445=ORIENTED_EDGE('',*,*,#771,.F.);
#446=ORIENTED_EDGE('',*,*,#787,.F.);
#447=ORIENTED_EDGE('',*,*,#806,.F.);
#448=ORIENTED_EDGE('',*,*,#799,.F.);
#449=ORIENTED_EDGE('',*,*,#789,.F.);
#450=ORIENTED_EDGE('',*,*,#806,.T.);
#451=ORIENTED_EDGE('',*,*,#782,.F.);
#452=ORIENTED_EDGE('',*,*,#807,.F.);
#453=ORIENTED_EDGE('',*,*,#800,.F.);
#454=ORIENTED_EDGE('',*,*,#807,.T.);
#455=ORIENTED_EDGE('',*,*,#781,.F.);
#456=ORIENTED_EDGE('',*,*,#808,.F.);
#457=ORIENTED_EDGE('',*,*,#767,.F.);
#458=ORIENTED_EDGE('',*,*,#793,.F.);
#459=ORIENTED_EDGE('',*,*,#759,.T.);
#460=ORIENTED_EDGE('',*,*,#798,.F.);
#461=ORIENTED_EDGE('',*,*,#808,.T.);
#462=ORIENTED_EDGE('',*,*,#755,.T.);
#463=ORIENTED_EDGE('',*,*,#796,.T.);
#464=ORIENTED_EDGE('',*,*,#809,.F.);
#465=ORIENTED_EDGE('',*,*,#809,.T.);
#466=ORIENTED_EDGE('',*,*,#795,.T.);
#467=ORIENTED_EDGE('',*,*,#810,.F.);
#468=ORIENTED_EDGE('',*,*,#756,.T.);
#469=ORIENTED_EDGE('',*,*,#810,.T.);
#470=ORIENTED_EDGE('',*,*,#794,.T.);
#471=ORIENTED_EDGE('',*,*,#757,.T.);
#472=ORIENTED_EDGE('',*,*,#738,.T.);
#473=ORIENTED_EDGE('',*,*,#749,.F.);
#474=ORIENTED_EDGE('',*,*,#811,.F.);
#475=ORIENTED_EDGE('',*,*,#739,.T.);
#476=ORIENTED_EDGE('',*,*,#746,.F.);
#477=ORIENTED_EDGE('',*,*,#745,.F.);
#478=ORIENTED_EDGE('',*,*,#812,.T.);
#479=ORIENTED_EDGE('',*,*,#747,.T.);
#480=ORIENTED_EDGE('',*,*,#573,.F.);
#481=ORIENTED_EDGE('',*,*,#575,.F.);
#482=ORIENTED_EDGE('',*,*,#577,.F.);
#483=ORIENTED_EDGE('',*,*,#579,.F.);
#484=ORIENTED_EDGE('',*,*,#581,.F.);
#485=ORIENTED_EDGE('',*,*,#583,.F.);
#486=ORIENTED_EDGE('',*,*,#585,.F.);
#487=ORIENTED_EDGE('',*,*,#587,.F.);
#488=ORIENTED_EDGE('',*,*,#589,.F.);
#489=ORIENTED_EDGE('',*,*,#591,.F.);
#490=ORIENTED_EDGE('',*,*,#593,.F.);
#491=ORIENTED_EDGE('',*,*,#595,.F.);
#492=ORIENTED_EDGE('',*,*,#597,.F.);
#493=ORIENTED_EDGE('',*,*,#599,.F.);
#494=ORIENTED_EDGE('',*,*,#601,.F.);
#495=ORIENTED_EDGE('',*,*,#603,.F.);
#496=ORIENTED_EDGE('',*,*,#605,.F.);
#497=ORIENTED_EDGE('',*,*,#607,.F.);
#498=ORIENTED_EDGE('',*,*,#609,.F.);
#499=ORIENTED_EDGE('',*,*,#611,.F.);
#500=ORIENTED_EDGE('',*,*,#613,.F.);
#501=ORIENTED_EDGE('',*,*,#615,.F.);
#502=ORIENTED_EDGE('',*,*,#617,.F.);
#503=ORIENTED_EDGE('',*,*,#619,.F.);
#504=ORIENTED_EDGE('',*,*,#621,.F.);
#505=ORIENTED_EDGE('',*,*,#623,.F.);
#506=ORIENTED_EDGE('',*,*,#625,.F.);
#507=ORIENTED_EDGE('',*,*,#627,.F.);
#508=ORIENTED_EDGE('',*,*,#629,.F.);
#509=ORIENTED_EDGE('',*,*,#631,.F.);
#510=ORIENTED_EDGE('',*,*,#633,.F.);
#511=ORIENTED_EDGE('',*,*,#635,.F.);
#512=ORIENTED_EDGE('',*,*,#637,.F.);
#513=ORIENTED_EDGE('',*,*,#639,.F.);
#514=ORIENTED_EDGE('',*,*,#641,.F.);
#515=ORIENTED_EDGE('',*,*,#643,.F.);
#516=ORIENTED_EDGE('',*,*,#645,.F.);
#517=ORIENTED_EDGE('',*,*,#647,.F.);
#518=ORIENTED_EDGE('',*,*,#649,.F.);
#519=ORIENTED_EDGE('',*,*,#651,.F.);
#520=ORIENTED_EDGE('',*,*,#653,.F.);
#521=ORIENTED_EDGE('',*,*,#655,.F.);
#522=ORIENTED_EDGE('',*,*,#657,.F.);
#523=ORIENTED_EDGE('',*,*,#659,.F.);
#524=ORIENTED_EDGE('',*,*,#661,.F.);
#525=ORIENTED_EDGE('',*,*,#663,.F.);
#526=ORIENTED_EDGE('',*,*,#665,.F.);
#527=ORIENTED_EDGE('',*,*,#667,.F.);
#528=ORIENTED_EDGE('',*,*,#669,.F.);
#529=ORIENTED_EDGE('',*,*,#671,.F.);
#530=ORIENTED_EDGE('',*,*,#673,.F.);
#531=ORIENTED_EDGE('',*,*,#675,.F.);
#532=ORIENTED_EDGE('',*,*,#677,.F.);
#533=ORIENTED_EDGE('',*,*,#679,.F.);
#534=ORIENTED_EDGE('',*,*,#681,.F.);
#535=ORIENTED_EDGE('',*,*,#683,.F.);
#536=ORIENTED_EDGE('',*,*,#685,.F.);
#537=ORIENTED_EDGE('',*,*,#687,.F.);
#538=ORIENTED_EDGE('',*,*,#689,.F.);
#539=ORIENTED_EDGE('',*,*,#691,.F.);
#540=ORIENTED_EDGE('',*,*,#693,.F.);
#541=ORIENTED_EDGE('',*,*,#695,.F.);
#542=ORIENTED_EDGE('',*,*,#697,.F.);
#543=ORIENTED_EDGE('',*,*,#699,.F.);
#544=ORIENTED_EDGE('',*,*,#701,.F.);
#545=ORIENTED_EDGE('',*,*,#703,.F.);
#546=ORIENTED_EDGE('',*,*,#705,.F.);
#547=ORIENTED_EDGE('',*,*,#707,.F.);
#548=ORIENTED_EDGE('',*,*,#709,.F.);
#549=ORIENTED_EDGE('',*,*,#711,.F.);
#550=ORIENTED_EDGE('',*,*,#713,.F.);
#551=ORIENTED_EDGE('',*,*,#715,.F.);
#552=ORIENTED_EDGE('',*,*,#717,.F.);
#553=ORIENTED_EDGE('',*,*,#719,.F.);
#554=ORIENTED_EDGE('',*,*,#721,.F.);
#555=ORIENTED_EDGE('',*,*,#723,.F.);
#556=ORIENTED_EDGE('',*,*,#725,.F.);
#557=ORIENTED_EDGE('',*,*,#727,.F.);
#558=ORIENTED_EDGE('',*,*,#729,.F.);
#559=ORIENTED_EDGE('',*,*,#731,.F.);
#560=ORIENTED_EDGE('',*,*,#733,.F.);
#561=ORIENTED_EDGE('',*,*,#735,.F.);
#562=ORIENTED_EDGE('',*,*,#737,.F.);
#563=ORIENTED_EDGE('',*,*,#740,.F.);
#564=ORIENTED_EDGE('',*,*,#811,.T.);
#565=ORIENTED_EDGE('',*,*,#748,.F.);
#566=ORIENTED_EDGE('',*,*,#812,.F.);
#567=ORIENTED_EDGE('',*,*,#744,.F.);
#568=ORIENTED_EDGE('',*,*,#751,.F.);
#569=ORIENTED_EDGE('',*,*,#777,.T.);
#570=ORIENTED_EDGE('',*,*,#750,.T.);
#571=ORIENTED_EDGE('',*,*,#779,.F.);
#572=EDGE_CURVE('',#813,#813,#1030,.T.);
#573=EDGE_CURVE('',#814,#814,#1031,.T.);
#574=EDGE_CURVE('',#815,#815,#1032,.T.);
#575=EDGE_CURVE('',#816,#816,#1033,.T.);
#576=EDGE_CURVE('',#817,#817,#1034,.T.);
#577=EDGE_CURVE('',#818,#818,#1035,.T.);
#578=EDGE_CURVE('',#819,#819,#1036,.T.);
#579=EDGE_CURVE('',#820,#820,#1037,.T.);
#580=EDGE_CURVE('',#821,#821,#1038,.T.);
#581=EDGE_CURVE('',#822,#822,#1039,.T.);
#582=EDGE_CURVE('',#823,#823,#1040,.T.);
#583=EDGE_CURVE('',#824,#824,#1041,.T.);
#584=EDGE_CURVE('',#825,#825,#1042,.T.);
#585=EDGE_CURVE('',#826,#826,#1043,.T.);
#586=EDGE_CURVE('',#827,#827,#1044,.T.);
#587=EDGE_CURVE('',#828,#828,#1045,.T.);
#588=EDGE_CURVE('',#829,#829,#1046,.T.);
#589=EDGE_CURVE('',#830,#830,#1047,.T.);
#590=EDGE_CURVE('',#831,#831,#1048,.T.);
#591=EDGE_CURVE('',#832,#832,#1049,.T.);
#592=EDGE_CURVE('',#833,#833,#1050,.T.);
#593=EDGE_CURVE('',#834,#834,#1051,.T.);
#594=EDGE_CURVE('',#835,#835,#1052,.T.);
#595=EDGE_CURVE('',#836,#836,#1053,.T.);
#596=EDGE_CURVE('',#837,#837,#1054,.T.);
#597=EDGE_CURVE('',#838,#838,#1055,.T.);
#598=EDGE_CURVE('',#839,#839,#1056,.T.);
#599=EDGE_CURVE('',#840,#840,#1057,.T.);
#600=EDGE_CURVE('',#841,#841,#1058,.T.);
#601=EDGE_CURVE('',#842,#842,#1059,.T.);
#602=EDGE_CURVE('',#843,#843,#1060,.T.);
#603=EDGE_CURVE('',#844,#844,#1061,.T.);
#604=EDGE_CURVE('',#845,#845,#1062,.T.);
#605=EDGE_CURVE('',#846,#846,#1063,.T.);
#606=EDGE_CURVE('',#847,#847,#1064,.T.);
#607=EDGE_CURVE('',#848,#848,#1065,.T.);
#608=EDGE_CURVE('',#849,#849,#1066,.T.);
#609=EDGE_CURVE('',#850,#850,#1067,.T.);
#610=EDGE_CURVE('',#851,#851,#1068,.T.);
#611=EDGE_CURVE('',#852,#852,#1069,.T.);
#612=EDGE_CURVE('',#853,#853,#1070,.T.);
#613=EDGE_CURVE('',#854,#854,#1071,.T.);
#614=EDGE_CURVE('',#855,#855,#1072,.T.);
#615=EDGE_CURVE('',#856,#856,#1073,.T.);
#616=EDGE_CURVE('',#857,#857,#1074,.T.);
#617=EDGE_CURVE('',#858,#858,#1075,.T.);
#618=EDGE_CURVE('',#859,#859,#1076,.T.);
#619=EDGE_CURVE('',#860,#860,#1077,.T.);
#620=EDGE_CURVE('',#861,#861,#1078,.T.);
#621=EDGE_CURVE('',#862,#862,#1079,.T.);
#622=EDGE_CURVE('',#863,#863,#1080,.T.);
#623=EDGE_CURVE('',#864,#864,#1081,.T.);
#624=EDGE_CURVE('',#865,#865,#1082,.T.);
#625=EDGE_CURVE('',#866,#866,#1083,.T.);
#626=EDGE_CURVE('',#867,#867,#1084,.T.);
#627=EDGE_CURVE('',#868,#868,#1085,.T.);
#628=EDGE_CURVE('',#869,#869,#1086,.T.);
#629=EDGE_CURVE('',#870,#870,#1087,.T.);
#630=EDGE_CURVE('',#871,#871,#1088,.T.);
#631=EDGE_CURVE('',#872,#872,#1089,.T.);
#632=EDGE_CURVE('',#873,#873,#1090,.T.);
#633=EDGE_CURVE('',#874,#874,#1091,.T.);
#634=EDGE_CURVE('',#875,#875,#1092,.T.);
#635=EDGE_CURVE('',#876,#876,#1093,.T.);
#636=EDGE_CURVE('',#877,#877,#1094,.T.);
#637=EDGE_CURVE('',#878,#878,#1095,.T.);
#638=EDGE_CURVE('',#879,#879,#1096,.T.);
#639=EDGE_CURVE('',#880,#880,#1097,.T.);
#640=EDGE_CURVE('',#881,#881,#1098,.T.);
#641=EDGE_CURVE('',#882,#882,#1099,.T.);
#642=EDGE_CURVE('',#883,#883,#1100,.T.);
#643=EDGE_CURVE('',#884,#884,#1101,.T.);
#644=EDGE_CURVE('',#885,#885,#1102,.T.);
#645=EDGE_CURVE('',#886,#886,#1103,.T.);
#646=EDGE_CURVE('',#887,#887,#1104,.T.);
#647=EDGE_CURVE('',#888,#888,#1105,.T.);
#648=EDGE_CURVE('',#889,#889,#1106,.T.);
#649=EDGE_CURVE('',#890,#890,#1107,.T.);
#650=EDGE_CURVE('',#891,#891,#1108,.T.);
#651=EDGE_CURVE('',#892,#892,#1109,.T.);
#652=EDGE_CURVE('',#893,#893,#1110,.T.);
#653=EDGE_CURVE('',#894,#894,#1111,.T.);
#654=EDGE_CURVE('',#895,#895,#1112,.T.);
#655=EDGE_CURVE('',#896,#896,#1113,.T.);
#656=EDGE_CURVE('',#897,#897,#1114,.T.);
#657=EDGE_CURVE('',#898,#898,#1115,.T.);
#658=EDGE_CURVE('',#899,#899,#1116,.T.);
#659=EDGE_CURVE('',#900,#900,#1117,.T.);
#660=EDGE_CURVE('',#901,#901,#1118,.T.);
#661=EDGE_CURVE('',#902,#902,#1119,.T.);
#662=EDGE_CURVE('',#903,#903,#1120,.T.);
#663=EDGE_CURVE('',#904,#904,#1121,.T.);
#664=EDGE_CURVE('',#905,#905,#1122,.T.);
#665=EDGE_CURVE('',#906,#906,#1123,.T.);
#666=EDGE_CURVE('',#907,#907,#1124,.T.);
#667=EDGE_CURVE('',#908,#908,#1125,.T.);
#668=EDGE_CURVE('',#909,#909,#1126,.T.);
#669=EDGE_CURVE('',#910,#910,#1127,.T.);
#670=EDGE_CURVE('',#911,#911,#1128,.T.);
#671=EDGE_CURVE('',#912,#912,#1129,.T.);
#672=EDGE_CURVE('',#913,#913,#1130,.T.);
#673=EDGE_CURVE('',#914,#914,#1131,.T.);
#674=EDGE_CURVE('',#915,#915,#1132,.T.);
#675=EDGE_CURVE('',#916,#916,#1133,.T.);
#676=EDGE_CURVE('',#917,#917,#1134,.T.);
#677=EDGE_CURVE('',#918,#918,#1135,.T.);
#678=EDGE_CURVE('',#919,#919,#1136,.T.);
#679=EDGE_CURVE('',#920,#920,#1137,.T.);
#680=EDGE_CURVE('',#921,#921,#1138,.T.);
#681=EDGE_CURVE('',#922,#922,#1139,.T.);
#682=EDGE_CURVE('',#923,#923,#1140,.T.);
#683=EDGE_CURVE('',#924,#924,#1141,.T.);
#684=EDGE_CURVE('',#925,#925,#1142,.T.);
#685=EDGE_CURVE('',#926,#926,#1143,.T.);
#686=EDGE_CURVE('',#927,#927,#1144,.T.);
#687=EDGE_CURVE('',#928,#928,#1145,.T.);
#688=EDGE_CURVE('',#929,#929,#1146,.T.);
#689=EDGE_CURVE('',#930,#930,#1147,.T.);
#690=EDGE_CURVE('',#931,#931,#1148,.T.);
#691=EDGE_CURVE('',#932,#932,#1149,.T.);
#692=EDGE_CURVE('',#933,#933,#1150,.T.);
#693=EDGE_CURVE('',#934,#934,#1151,.T.);
#694=EDGE_CURVE('',#935,#935,#1152,.T.);
#695=EDGE_CURVE('',#936,#936,#1153,.T.);
#696=EDGE_CURVE('',#937,#937,#1154,.T.);
#697=EDGE_CURVE('',#938,#938,#1155,.T.);
#698=EDGE_CURVE('',#939,#939,#1156,.T.);
#699=EDGE_CURVE('',#940,#940,#1157,.T.);
#700=EDGE_CURVE('',#941,#941,#1158,.T.);
#701=EDGE_CURVE('',#942,#942,#1159,.T.);
#702=EDGE_CURVE('',#943,#943,#1160,.T.);
#703=EDGE_CURVE('',#944,#944,#1161,.T.);
#704=EDGE_CURVE('',#945,#945,#1162,.T.);
#705=EDGE_CURVE('',#946,#946,#1163,.T.);
#706=EDGE_CURVE('',#947,#947,#1164,.T.);
#707=EDGE_CURVE('',#948,#948,#1165,.T.);
#708=EDGE_CURVE('',#949,#949,#1166,.T.);
#709=EDGE_CURVE('',#950,#950,#1167,.T.);
#710=EDGE_CURVE('',#951,#951,#1168,.T.);
#711=EDGE_CURVE('',#952,#952,#1169,.T.);
#712=EDGE_CURVE('',#953,#953,#1170,.T.);
#713=EDGE_CURVE('',#954,#954,#1171,.T.);
#714=EDGE_CURVE('',#955,#955,#1172,.T.);
#715=EDGE_CURVE('',#956,#956,#1173,.T.);
#716=EDGE_CURVE('',#957,#957,#1174,.T.);
#717=EDGE_CURVE('',#958,#958,#1175,.T.);
#718=EDGE_CURVE('',#959,#959,#1176,.T.);
#719=EDGE_CURVE('',#960,#960,#1177,.T.);
#720=EDGE_CURVE('',#961,#961,#1178,.T.);
#721=EDGE_CURVE('',#962,#962,#1179,.T.);
#722=EDGE_CURVE('',#963,#963,#1180,.T.);
#723=EDGE_CURVE('',#964,#964,#1181,.T.);
#724=EDGE_CURVE('',#965,#965,#1182,.T.);
#725=EDGE_CURVE('',#966,#966,#1183,.T.);
#726=EDGE_CURVE('',#967,#967,#1184,.T.);
#727=EDGE_CURVE('',#968,#968,#1185,.T.);
#728=EDGE_CURVE('',#969,#969,#1186,.T.);
#729=EDGE_CURVE('',#970,#970,#1187,.T.);
#730=EDGE_CURVE('',#971,#971,#1188,.T.);
#731=EDGE_CURVE('',#972,#972,#1189,.T.);
#732=EDGE_CURVE('',#973,#973,#1190,.T.);
#733=EDGE_CURVE('',#974,#974,#1191,.T.);
#734=EDGE_CURVE('',#975,#975,#1192,.T.);
#735=EDGE_CURVE('',#976,#976,#1193,.T.);
#736=EDGE_CURVE('',#977,#977,#1194,.T.);
#737=EDGE_CURVE('',#978,#978,#1195,.T.);
#738=EDGE_CURVE('',#979,#980,#1196,.T.);
#739=EDGE_CURVE('',#981,#979,#46,.T.);
#740=EDGE_CURVE('',#981,#982,#1197,.F.);
#741=EDGE_CURVE('',#982,#983,#47,.T.);
#742=EDGE_CURVE('',#983,#984,#1198,.T.);
#743=EDGE_CURVE('',#985,#984,#48,.T.);
#744=EDGE_CURVE('',#985,#986,#1199,.F.);
#745=EDGE_CURVE('',#986,#987,#49,.T.);
#746=EDGE_CURVE('',#987,#988,#1200,.T.);
#747=EDGE_CURVE('',#989,#988,#50,.T.);
#748=EDGE_CURVE('',#989,#990,#1201,.F.);
#749=EDGE_CURVE('',#990,#980,#51,.T.);
#750=EDGE_CURVE('',#991,#991,#30,.T.);
#751=EDGE_CURVE('',#982,#985,#1202,.T.);
#752=EDGE_CURVE('',#983,#984,#1203,.T.);
#753=EDGE_CURVE('',#992,#992,#1204,.T.);
#754=EDGE_CURVE('',#993,#994,#1205,.F.);
#755=EDGE_CURVE('',#995,#994,#52,.T.);
#756=EDGE_CURVE('',#996,#995,#1206,.T.);
#757=EDGE_CURVE('',#997,#996,#53,.T.);
#758=EDGE_CURVE('',#997,#998,#1207,.F.);
#759=EDGE_CURVE('',#999,#998,#1208,.T.);
#760=EDGE_CURVE('',#999,#1000,#1209,.T.);
#761=EDGE_CURVE('',#993,#1000,#1210,.T.);
#762=EDGE_CURVE('',#1001,#1002,#1211,.T.);
#763=EDGE_CURVE('',#1003,#1002,#54,.T.);
#764=EDGE_CURVE('',#1003,#1004,#55,.T.);
#765=EDGE_CURVE('',#1004,#1001,#56,.T.);
#766=EDGE_CURVE('',#1005,#1006,#1212,.F.);
#767=EDGE_CURVE('',#1006,#1007,#57,.T.);
#768=EDGE_CURVE('',#1007,#1008,#1213,.T.);
#769=EDGE_CURVE('',#1008,#1005,#58,.F.);
#770=EDGE_CURVE('',#1009,#1010,#59,.T.);
#771=EDGE_CURVE('',#1010,#1011,#31,.T.);
#772=EDGE_CURVE('',#1011,#1012,#1214,.T.);
#773=EDGE_CURVE('',#1012,#1013,#32,.T.);
#774=EDGE_CURVE('',#1014,#1013,#60,.T.);
#775=EDGE_CURVE('',#1009,#1014,#1215,.T.);
#776=EDGE_CURVE('',#1015,#1015,#1216,.T.);
#777=EDGE_CURVE('',#1016,#1016,#1217,.F.);
#778=EDGE_CURVE('',#1001,#1002,#61,.T.);
#779=EDGE_CURVE('',#1017,#1017,#33,.T.);
#780=EDGE_CURVE('',#1018,#1019,#1218,.F.);
#781=EDGE_CURVE('',#1019,#1020,#62,.T.);
#782=EDGE_CURVE('',#1020,#1021,#34,.T.);
#783=EDGE_CURVE('',#1021,#1009,#63,.T.);
#784=EDGE_CURVE('',#1022,#1014,#64,.T.);
#785=EDGE_CURVE('',#1022,#1023,#35,.T.);
#786=EDGE_CURVE('',#1023,#1018,#65,.F.);
#787=EDGE_CURVE('',#1021,#1010,#36,.T.);
#788=EDGE_CURVE('',#1013,#1022,#37,.T.);
#789=EDGE_CURVE('',#1011,#1024,#38,.T.);
#790=EDGE_CURVE('',#1024,#1025,#1219,.T.);
#791=EDGE_CURVE('',#1025,#1012,#39,.T.);
#792=EDGE_CURVE('',#1018,#1000,#1220,.T.);
#793=EDGE_CURVE('',#999,#1019,#1221,.T.);
#794=EDGE_CURVE('',#1026,#997,#40,.T.);
#795=EDGE_CURVE('',#1027,#1026,#1222,.F.);
#796=EDGE_CURVE('',#994,#1027,#41,.T.);
#797=EDGE_CURVE('',#993,#1008,#1223,.T.);
#798=EDGE_CURVE('',#1007,#998,#1224,.T.);
#799=EDGE_CURVE('',#1024,#1028,#42,.T.);
#800=EDGE_CURVE('',#1028,#1006,#43,.T.);
#801=EDGE_CURVE('',#1005,#1029,#44,.T.);
#802=EDGE_CURVE('',#1029,#1025,#45,.T.);
#803=EDGE_CURVE('',#1022,#1029,#1225,.T.);
#804=EDGE_CURVE('',#1023,#1005,#1226,.T.);
#805=EDGE_CURVE('',#1018,#1008,#1227,.F.);
#806=EDGE_CURVE('',#1028,#1021,#1228,.T.);
#807=EDGE_CURVE('',#1006,#1020,#1229,.T.);
#808=EDGE_CURVE('',#1007,#1019,#1230,.F.);
#809=EDGE_CURVE('',#995,#1027,#66,.T.);
#810=EDGE_CURVE('',#996,#1026,#67,.T.);
#811=EDGE_CURVE('',#981,#990,#1231,.T.);
#812=EDGE_CURVE('',#986,#989,#1232,.F.);
#813=VERTEX_POINT('',#3166);
#814=VERTEX_POINT('',#3168);
#815=VERTEX_POINT('',#3171);
#816=VERTEX_POINT('',#3173);
#817=VERTEX_POINT('',#3176);
#818=VERTEX_POINT('',#3178);
#819=VERTEX_POINT('',#3181);
#820=VERTEX_POINT('',#3183);
#821=VERTEX_POINT('',#3186);
#822=VERTEX_POINT('',#3188);
#823=VERTEX_POINT('',#3191);
#824=VERTEX_POINT('',#3193);
#825=VERTEX_POINT('',#3196);
#826=VERTEX_POINT('',#3198);
#827=VERTEX_POINT('',#3201);
#828=VERTEX_POINT('',#3203);
#829=VERTEX_POINT('',#3206);
#830=VERTEX_POINT('',#3208);
#831=VERTEX_POINT('',#3211);
#832=VERTEX_POINT('',#3213);
#833=VERTEX_POINT('',#3216);
#834=VERTEX_POINT('',#3218);
#835=VERTEX_POINT('',#3221);
#836=VERTEX_POINT('',#3223);
#837=VERTEX_POINT('',#3226);
#838=VERTEX_POINT('',#3228);
#839=VERTEX_POINT('',#3231);
#840=VERTEX_POINT('',#3233);
#841=VERTEX_POINT('',#3236);
#842=VERTEX_POINT('',#3238);
#843=VERTEX_POINT('',#3241);
#844=VERTEX_POINT('',#3243);
#845=VERTEX_POINT('',#3246);
#846=VERTEX_POINT('',#3248);
#847=VERTEX_POINT('',#3251);
#848=VERTEX_POINT('',#3253);
#849=VERTEX_POINT('',#3256);
#850=VERTEX_POINT('',#3258);
#851=VERTEX_POINT('',#3261);
#852=VERTEX_POINT('',#3263);
#853=VERTEX_POINT('',#3266);
#854=VERTEX_POINT('',#3268);
#855=VERTEX_POINT('',#3271);
#856=VERTEX_POINT('',#3273);
#857=VERTEX_POINT('',#3276);
#858=VERTEX_POINT('',#3278);
#859=VERTEX_POINT('',#3281);
#860=VERTEX_POINT('',#3283);
#861=VERTEX_POINT('',#3286);
#862=VERTEX_POINT('',#3288);
#863=VERTEX_POINT('',#3291);
#864=VERTEX_POINT('',#3293);
#865=VERTEX_POINT('',#3296);
#866=VERTEX_POINT('',#3298);
#867=VERTEX_POINT('',#3301);
#868=VERTEX_POINT('',#3303);
#869=VERTEX_POINT('',#3306);
#870=VERTEX_POINT('',#3308);
#871=VERTEX_POINT('',#3311);
#872=VERTEX_POINT('',#3313);
#873=VERTEX_POINT('',#3316);
#874=VERTEX_POINT('',#3318);
#875=VERTEX_POINT('',#3321);
#876=VERTEX_POINT('',#3323);
#877=VERTEX_POINT('',#3326);
#878=VERTEX_POINT('',#3328);
#879=VERTEX_POINT('',#3331);
#880=VERTEX_POINT('',#3333);
#881=VERTEX_POINT('',#3336);
#882=VERTEX_POINT('',#3338);
#883=VERTEX_POINT('',#3341);
#884=VERTEX_POINT('',#3343);
#885=VERTEX_POINT('',#3346);
#886=VERTEX_POINT('',#3348);
#887=VERTEX_POINT('',#3351);
#888=VERTEX_POINT('',#3353);
#889=VERTEX_POINT('',#3356);
#890=VERTEX_POINT('',#3358);
#891=VERTEX_POINT('',#3361);
#892=VERTEX_POINT('',#3363);
#893=VERTEX_POINT('',#3366);
#894=VERTEX_POINT('',#3368);
#895=VERTEX_POINT('',#3371);
#896=VERTEX_POINT('',#3373);
#897=VERTEX_POINT('',#3376);
#898=VERTEX_POINT('',#3378);
#899=VERTEX_POINT('',#3381);
#900=VERTEX_POINT('',#3383);
#901=VERTEX_POINT('',#3386);
#902=VERTEX_POINT('',#3388);
#903=VERTEX_POINT('',#3391);
#904=VERTEX_POINT('',#3393);
#905=VERTEX_POINT('',#3396);
#906=VERTEX_POINT('',#3398);
#907=VERTEX_POINT('',#3401);
#908=VERTEX_POINT('',#3403);
#909=VERTEX_POINT('',#3406);
#910=VERTEX_POINT('',#3408);
#911=VERTEX_POINT('',#3411);
#912=VERTEX_POINT('',#3413);
#913=VERTEX_POINT('',#3416);
#914=VERTEX_POINT('',#3418);
#915=VERTEX_POINT('',#3421);
#916=VERTEX_POINT('',#3423);
#917=VERTEX_POINT('',#3426);
#918=VERTEX_POINT('',#3428);
#919=VERTEX_POINT('',#3431);
#920=VERTEX_POINT('',#3433);
#921=VERTEX_POINT('',#3436);
#922=VERTEX_POINT('',#3438);
#923=VERTEX_POINT('',#3441);
#924=VERTEX_POINT('',#3443);
#925=VERTEX_POINT('',#3446);
#926=VERTEX_POINT('',#3448);
#927=VERTEX_POINT('',#3451);
#928=VERTEX_POINT('',#3453);
#929=VERTEX_POINT('',#3456);
#930=VERTEX_POINT('',#3458);
#931=VERTEX_POINT('',#3461);
#932=VERTEX_POINT('',#3463);
#933=VERTEX_POINT('',#3466);
#934=VERTEX_POINT('',#3468);
#935=VERTEX_POINT('',#3471);
#936=VERTEX_POINT('',#3473);
#937=VERTEX_POINT('',#3476);
#938=VERTEX_POINT('',#3478);
#939=VERTEX_POINT('',#3481);
#940=VERTEX_POINT('',#3483);
#941=VERTEX_POINT('',#3486);
#942=VERTEX_POINT('',#3488);
#943=VERTEX_POINT('',#3491);
#944=VERTEX_POINT('',#3493);
#945=VERTEX_POINT('',#3496);
#946=VERTEX_POINT('',#3498);
#947=VERTEX_POINT('',#3501);
#948=VERTEX_POINT('',#3503);
#949=VERTEX_POINT('',#3506);
#950=VERTEX_POINT('',#3508);
#951=VERTEX_POINT('',#3511);
#952=VERTEX_POINT('',#3513);
#953=VERTEX_POINT('',#3516);
#954=VERTEX_POINT('',#3518);
#955=VERTEX_POINT('',#3521);
#956=VERTEX_POINT('',#3523);
#957=VERTEX_POINT('',#3526);
#958=VERTEX_POINT('',#3528);
#959=VERTEX_POINT('',#3531);
#960=VERTEX_POINT('',#3533);
#961=VERTEX_POINT('',#3536);
#962=VERTEX_POINT('',#3538);
#963=VERTEX_POINT('',#3541);
#964=VERTEX_POINT('',#3543);
#965=VERTEX_POINT('',#3546);
#966=VERTEX_POINT('',#3548);
#967=VERTEX_POINT('',#3551);
#968=VERTEX_POINT('',#3553);
#969=VERTEX_POINT('',#3556);
#970=VERTEX_POINT('',#3558);
#971=VERTEX_POINT('',#3561);
#972=VERTEX_POINT('',#3563);
#973=VERTEX_POINT('',#3566);
#974=VERTEX_POINT('',#3568);
#975=VERTEX_POINT('',#3571);
#976=VERTEX_POINT('',#3573);
#977=VERTEX_POINT('',#3576);
#978=VERTEX_POINT('',#3578);
#979=VERTEX_POINT('',#3581);
#980=VERTEX_POINT('',#3582);
#981=VERTEX_POINT('',#3584);
#982=VERTEX_POINT('',#3586);
#983=VERTEX_POINT('',#3588);
#984=VERTEX_POINT('',#3590);
#985=VERTEX_POINT('',#3592);
#986=VERTEX_POINT('',#3594);
#987=VERTEX_POINT('',#3596);
#988=VERTEX_POINT('',#3598);
#989=VERTEX_POINT('',#3600);
#990=VERTEX_POINT('',#3602);
#991=VERTEX_POINT('',#3624);
#992=VERTEX_POINT('',#3629);
#993=VERTEX_POINT('',#3631);
#994=VERTEX_POINT('',#3632);
#995=VERTEX_POINT('',#3634);
#996=VERTEX_POINT('',#3636);
#997=VERTEX_POINT('',#3638);
#998=VERTEX_POINT('',#3640);
#999=VERTEX_POINT('',#3642);
#1000=VERTEX_POINT('',#3644);
#1001=VERTEX_POINT('',#3648);
#1002=VERTEX_POINT('',#3649);
#1003=VERTEX_POINT('',#3651);
#1004=VERTEX_POINT('',#3653);
#1005=VERTEX_POINT('',#3657);
#1006=VERTEX_POINT('',#3658);
#1007=VERTEX_POINT('',#3660);
#1008=VERTEX_POINT('',#3662);
#1009=VERTEX_POINT('',#3666);
#1010=VERTEX_POINT('',#3667);
#1011=VERTEX_POINT('',#3672);
#1012=VERTEX_POINT('',#3674);
#1013=VERTEX_POINT('',#3679);
#1014=VERTEX_POINT('',#3681);
#1015=VERTEX_POINT('',#3685);
#1016=VERTEX_POINT('',#3687);
#1017=VERTEX_POINT('',#3710);
#1018=VERTEX_POINT('',#3712);
#1019=VERTEX_POINT('',#3713);
#1020=VERTEX_POINT('',#3715);
#1021=VERTEX_POINT('',#3721);
#1022=VERTEX_POINT('',#3724);
#1023=VERTEX_POINT('',#3730);
#1024=VERTEX_POINT('',#3748);
#1025=VERTEX_POINT('',#3750);
#1026=VERTEX_POINT('',#3765);
#1027=VERTEX_POINT('',#3767);
#1028=VERTEX_POINT('',#3779);
#1029=VERTEX_POINT('',#3790);
#1030=CIRCLE('',#2201,0.003409055);
#1031=CIRCLE('',#2202,0.003409055);
#1032=CIRCLE('',#2204,0.003409055);
#1033=CIRCLE('',#2205,0.003409055);
#1034=CIRCLE('',#2207,0.003409055);
#1035=CIRCLE('',#2208,0.003409055);
#1036=CIRCLE('',#2210,0.003409055);
#1037=CIRCLE('',#2211,0.003409055);
#1038=CIRCLE('',#2213,0.003409055);
#1039=CIRCLE('',#2214,0.003409055);
#1040=CIRCLE('',#2216,0.003409055);
#1041=CIRCLE('',#2217,0.003409055);
#1042=CIRCLE('',#2219,0.003409055);
#1043=CIRCLE('',#2220,0.003409055);
#1044=CIRCLE('',#2222,0.003409055);
#1045=CIRCLE('',#2223,0.003409055);
#1046=CIRCLE('',#2225,0.003409055);
#1047=CIRCLE('',#2226,0.003409055);
#1048=CIRCLE('',#2228,0.003409055);
#1049=CIRCLE('',#2229,0.003409055);
#1050=CIRCLE('',#2231,0.003409055);
#1051=CIRCLE('',#2232,0.003409055);
#1052=CIRCLE('',#2234,0.003409055);
#1053=CIRCLE('',#2235,0.003409055);
#1054=CIRCLE('',#2237,0.003409055);
#1055=CIRCLE('',#2238,0.003409055);
#1056=CIRCLE('',#2240,0.003409055);
#1057=CIRCLE('',#2241,0.003409055);
#1058=CIRCLE('',#2243,0.003409055);
#1059=CIRCLE('',#2244,0.003409055);
#1060=CIRCLE('',#2246,0.003409055);
#1061=CIRCLE('',#2247,0.003409055);
#1062=CIRCLE('',#2249,0.003409055);
#1063=CIRCLE('',#2250,0.003409055);
#1064=CIRCLE('',#2252,0.003409055);
#1065=CIRCLE('',#2253,0.003409055);
#1066=CIRCLE('',#2255,0.003409055);
#1067=CIRCLE('',#2256,0.003409055);
#1068=CIRCLE('',#2258,0.003409055);
#1069=CIRCLE('',#2259,0.003409055);
#1070=CIRCLE('',#2261,0.003409055);
#1071=CIRCLE('',#2262,0.003409055);
#1072=CIRCLE('',#2264,0.003409055);
#1073=CIRCLE('',#2265,0.003409055);
#1074=CIRCLE('',#2267,0.003409055);
#1075=CIRCLE('',#2268,0.003409055);
#1076=CIRCLE('',#2270,0.003409055);
#1077=CIRCLE('',#2271,0.003409055);
#1078=CIRCLE('',#2273,0.003409055);
#1079=CIRCLE('',#2274,0.003409055);
#1080=CIRCLE('',#2276,0.003409055);
#1081=CIRCLE('',#2277,0.003409055);
#1082=CIRCLE('',#2279,0.003409055);
#1083=CIRCLE('',#2280,0.003409055);
#1084=CIRCLE('',#2282,0.003409055);
#1085=CIRCLE('',#2283,0.003409055);
#1086=CIRCLE('',#2285,0.003409055);
#1087=CIRCLE('',#2286,0.003409055);
#1088=CIRCLE('',#2288,0.003409055);
#1089=CIRCLE('',#2289,0.003409055);
#1090=CIRCLE('',#2291,0.003409055);
#1091=CIRCLE('',#2292,0.003409055);
#1092=CIRCLE('',#2294,0.003409055);
#1093=CIRCLE('',#2295,0.003409055);
#1094=CIRCLE('',#2297,0.003409055);
#1095=CIRCLE('',#2298,0.003409055);
#1096=CIRCLE('',#2300,0.003409055);
#1097=CIRCLE('',#2301,0.003409055);
#1098=CIRCLE('',#2303,0.003409055);
#1099=CIRCLE('',#2304,0.003409055);
#1100=CIRCLE('',#2306,0.003409055);
#1101=CIRCLE('',#2307,0.003409055);
#1102=CIRCLE('',#2309,0.003409055);
#1103=CIRCLE('',#2310,0.003409055);
#1104=CIRCLE('',#2312,0.003409055);
#1105=CIRCLE('',#2313,0.003409055);
#1106=CIRCLE('',#2315,0.003409055);
#1107=CIRCLE('',#2316,0.003409055);
#1108=CIRCLE('',#2318,0.003409055);
#1109=CIRCLE('',#2319,0.003409055);
#1110=CIRCLE('',#2321,0.003409055);
#1111=CIRCLE('',#2322,0.003409055);
#1112=CIRCLE('',#2324,0.003409055);
#1113=CIRCLE('',#2325,0.003409055);
#1114=CIRCLE('',#2327,0.003409055);
#1115=CIRCLE('',#2328,0.003409055);
#1116=CIRCLE('',#2330,0.003409055);
#1117=CIRCLE('',#2331,0.003409055);
#1118=CIRCLE('',#2333,0.003409055);
#1119=CIRCLE('',#2334,0.003409055);
#1120=CIRCLE('',#2336,0.003409055);
#1121=CIRCLE('',#2337,0.003409055);
#1122=CIRCLE('',#2339,0.003409055);
#1123=CIRCLE('',#2340,0.003409055);
#1124=CIRCLE('',#2342,0.003409055);
#1125=CIRCLE('',#2343,0.003409055);
#1126=CIRCLE('',#2345,0.003409055);
#1127=CIRCLE('',#2346,0.003409055);
#1128=CIRCLE('',#2348,0.003409055);
#1129=CIRCLE('',#2349,0.003409055);
#1130=CIRCLE('',#2351,0.003409055);
#1131=CIRCLE('',#2352,0.003409055);
#1132=CIRCLE('',#2354,0.003409055);
#1133=CIRCLE('',#2355,0.003409055);
#1134=CIRCLE('',#2357,0.003409055);
#1135=CIRCLE('',#2358,0.003409055);
#1136=CIRCLE('',#2360,0.003409055);
#1137=CIRCLE('',#2361,0.003409055);
#1138=CIRCLE('',#2363,0.003409055);
#1139=CIRCLE('',#2364,0.003409055);
#1140=CIRCLE('',#2366,0.003409055);
#1141=CIRCLE('',#2367,0.003409055);
#1142=CIRCLE('',#2369,0.003409055);
#1143=CIRCLE('',#2370,0.003409055);
#1144=CIRCLE('',#2372,0.003409055);
#1145=CIRCLE('',#2373,0.003409055);
#1146=CIRCLE('',#2375,0.003409055);
#1147=CIRCLE('',#2376,0.003409055);
#1148=CIRCLE('',#2378,0.003409055);
#1149=CIRCLE('',#2379,0.003409055);
#1150=CIRCLE('',#2381,0.003409055);
#1151=CIRCLE('',#2382,0.003409055);
#1152=CIRCLE('',#2384,0.003409055);
#1153=CIRCLE('',#2385,0.003409055);
#1154=CIRCLE('',#2387,0.003409055);
#1155=CIRCLE('',#2388,0.003409055);
#1156=CIRCLE('',#2390,0.003409055);
#1157=CIRCLE('',#2391,0.003409055);
#1158=CIRCLE('',#2393,0.003409055);
#1159=CIRCLE('',#2394,0.003409055);
#1160=CIRCLE('',#2396,0.003409055);
#1161=CIRCLE('',#2397,0.003409055);
#1162=CIRCLE('',#2399,0.003409055);
#1163=CIRCLE('',#2400,0.003409055);
#1164=CIRCLE('',#2402,0.003409055);
#1165=CIRCLE('',#2403,0.003409055);
#1166=CIRCLE('',#2405,0.003409055);
#1167=CIRCLE('',#2406,0.003409055);
#1168=CIRCLE('',#2408,0.003409055);
#1169=CIRCLE('',#2409,0.003409055);
#1170=CIRCLE('',#2411,0.003409055);
#1171=CIRCLE('',#2412,0.003409055);
#1172=CIRCLE('',#2414,0.003409055);
#1173=CIRCLE('',#2415,0.003409055);
#1174=CIRCLE('',#2417,0.003409055);
#1175=CIRCLE('',#2418,0.003409055);
#1176=CIRCLE('',#2420,0.003409055);
#1177=CIRCLE('',#2421,0.003409055);
#1178=CIRCLE('',#2423,0.003409055);
#1179=CIRCLE('',#2424,0.003409055);
#1180=CIRCLE('',#2426,0.003409055);
#1181=CIRCLE('',#2427,0.003409055);
#1182=CIRCLE('',#2429,0.003409055);
#1183=CIRCLE('',#2430,0.003409055);
#1184=CIRCLE('',#2432,0.003409055);
#1185=CIRCLE('',#2433,0.003409055);
#1186=CIRCLE('',#2435,0.003409055);
#1187=CIRCLE('',#2436,0.003409055);
#1188=CIRCLE('',#2438,0.003409055);
#1189=CIRCLE('',#2439,0.003409055);
#1190=CIRCLE('',#2441,0.003409055);
#1191=CIRCLE('',#2442,0.003409055);
#1192=CIRCLE('',#2444,0.003409055);
#1193=CIRCLE('',#2445,0.003409055);
#1194=CIRCLE('',#2447,0.003409055);
#1195=CIRCLE('',#2448,0.003409055);
#1196=CIRCLE('',#2450,0.0685251682468344);
#1197=CIRCLE('',#2451,0.0685268013578746);
#1198=CIRCLE('',#2452,0.0685268013578746);
#1199=CIRCLE('',#2453,0.0685268013578746);
#1200=CIRCLE('',#2454,0.0685268013578746);
#1201=CIRCLE('',#2455,0.0685268013578746);
#1202=CIRCLE('',#2457,0.0121372987014594);
#1203=CIRCLE('',#2458,0.0121372987014594);
#1204=CIRCLE('',#2460,0.0216770989540684);
#1205=CIRCLE('',#2461,0.0688664718625762);
#1206=CIRCLE('',#2462,0.0700361533356926);
#1207=CIRCLE('',#2463,0.0688664718625762);
#1208=CIRCLE('',#2464,0.00241421186257614);
#1209=CIRCLE('',#2465,0.0118863958534559);
#1210=CIRCLE('',#2466,0.00241421186257614);
#1211=CIRCLE('',#2468,0.0216770989540684);
#1212=CIRCLE('',#2470,0.070315);
#1213=CIRCLE('',#2471,0.070315);
#1214=CIRCLE('',#2473,0.0737871887992921);
#1215=CIRCLE('',#2474,0.010437867716032);
#1216=CIRCLE('',#2476,0.0230364303441829);
#1217=CIRCLE('',#2477,0.0230364303441829);
#1218=CIRCLE('',#2480,0.010437867716032);
#1219=CIRCLE('',#2484,0.0737871887992922);
#1220=CIRCLE('',#2487,0.00144852813742386);
#1221=CIRCLE('',#2488,0.00144852813742386);
#1222=CIRCLE('',#2490,0.0700361533356926);
#1223=CIRCLE('',#2491,0.00144852813742386);
#1224=CIRCLE('',#2492,0.00144852813742386);
#1225=CIRCLE('',#2494,0.00386274);
#1226=CIRCLE('',#2495,0.00386274);
#1227=CIRCLE('',#2497,0.00386274);
#1228=CIRCLE('',#2499,0.00386274);
#1229=CIRCLE('',#2500,0.00386274);
#1230=CIRCLE('',#2502,0.00386274);
#1231=CIRCLE('',#2508,0.0685251682468344);
#1232=CIRCLE('',#2510,0.0685251682468376);
#1233=EDGE_LOOP('',(#90));
#1234=EDGE_LOOP('',(#91));
#1235=EDGE_LOOP('',(#92));
#1236=EDGE_LOOP('',(#93));
#1237=EDGE_LOOP('',(#94));
#1238=EDGE_LOOP('',(#95));
#1239=EDGE_LOOP('',(#96));
#1240=EDGE_LOOP('',(#97));
#1241=EDGE_LOOP('',(#98));
#1242=EDGE_LOOP('',(#99));
#1243=EDGE_LOOP('',(#100));
#1244=EDGE_LOOP('',(#101));
#1245=EDGE_LOOP('',(#102));
#1246=EDGE_LOOP('',(#103));
#1247=EDGE_LOOP('',(#104));
#1248=EDGE_LOOP('',(#105));
#1249=EDGE_LOOP('',(#106));
#1250=EDGE_LOOP('',(#107));
#1251=EDGE_LOOP('',(#108));
#1252=EDGE_LOOP('',(#109));
#1253=EDGE_LOOP('',(#110));
#1254=EDGE_LOOP('',(#111));
#1255=EDGE_LOOP('',(#112));
#1256=EDGE_LOOP('',(#113));
#1257=EDGE_LOOP('',(#114));
#1258=EDGE_LOOP('',(#115));
#1259=EDGE_LOOP('',(#116));
#1260=EDGE_LOOP('',(#117));
#1261=EDGE_LOOP('',(#118));
#1262=EDGE_LOOP('',(#119));
#1263=EDGE_LOOP('',(#120));
#1264=EDGE_LOOP('',(#121));
#1265=EDGE_LOOP('',(#122));
#1266=EDGE_LOOP('',(#123));
#1267=EDGE_LOOP('',(#124));
#1268=EDGE_LOOP('',(#125));
#1269=EDGE_LOOP('',(#126));
#1270=EDGE_LOOP('',(#127));
#1271=EDGE_LOOP('',(#128));
#1272=EDGE_LOOP('',(#129));
#1273=EDGE_LOOP('',(#130));
#1274=EDGE_LOOP('',(#131));
#1275=EDGE_LOOP('',(#132));
#1276=EDGE_LOOP('',(#133));
#1277=EDGE_LOOP('',(#134));
#1278=EDGE_LOOP('',(#135));
#1279=EDGE_LOOP('',(#136));
#1280=EDGE_LOOP('',(#137));
#1281=EDGE_LOOP('',(#138));
#1282=EDGE_LOOP('',(#139));
#1283=EDGE_LOOP('',(#140));
#1284=EDGE_LOOP('',(#141));
#1285=EDGE_LOOP('',(#142));
#1286=EDGE_LOOP('',(#143));
#1287=EDGE_LOOP('',(#144));
#1288=EDGE_LOOP('',(#145));
#1289=EDGE_LOOP('',(#146));
#1290=EDGE_LOOP('',(#147));
#1291=EDGE_LOOP('',(#148));
#1292=EDGE_LOOP('',(#149));
#1293=EDGE_LOOP('',(#150));
#1294=EDGE_LOOP('',(#151));
#1295=EDGE_LOOP('',(#152));
#1296=EDGE_LOOP('',(#153));
#1297=EDGE_LOOP('',(#154));
#1298=EDGE_LOOP('',(#155));
#1299=EDGE_LOOP('',(#156));
#1300=EDGE_LOOP('',(#157));
#1301=EDGE_LOOP('',(#158));
#1302=EDGE_LOOP('',(#159));
#1303=EDGE_LOOP('',(#160));
#1304=EDGE_LOOP('',(#161));
#1305=EDGE_LOOP('',(#162));
#1306=EDGE_LOOP('',(#163));
#1307=EDGE_LOOP('',(#164));
#1308=EDGE_LOOP('',(#165));
#1309=EDGE_LOOP('',(#166));
#1310=EDGE_LOOP('',(#167));
#1311=EDGE_LOOP('',(#168));
#1312=EDGE_LOOP('',(#169));
#1313=EDGE_LOOP('',(#170));
#1314=EDGE_LOOP('',(#171));
#1315=EDGE_LOOP('',(#172));
#1316=EDGE_LOOP('',(#173));
#1317=EDGE_LOOP('',(#174));
#1318=EDGE_LOOP('',(#175));
#1319=EDGE_LOOP('',(#176));
#1320=EDGE_LOOP('',(#177));
#1321=EDGE_LOOP('',(#178));
#1322=EDGE_LOOP('',(#179));
#1323=EDGE_LOOP('',(#180));
#1324=EDGE_LOOP('',(#181));
#1325=EDGE_LOOP('',(#182));
#1326=EDGE_LOOP('',(#183));
#1327=EDGE_LOOP('',(#184));
#1328=EDGE_LOOP('',(#185));
#1329=EDGE_LOOP('',(#186));
#1330=EDGE_LOOP('',(#187));
#1331=EDGE_LOOP('',(#188));
#1332=EDGE_LOOP('',(#189));
#1333=EDGE_LOOP('',(#190));
#1334=EDGE_LOOP('',(#191));
#1335=EDGE_LOOP('',(#192));
#1336=EDGE_LOOP('',(#193));
#1337=EDGE_LOOP('',(#194));
#1338=EDGE_LOOP('',(#195));
#1339=EDGE_LOOP('',(#196));
#1340=EDGE_LOOP('',(#197));
#1341=EDGE_LOOP('',(#198));
#1342=EDGE_LOOP('',(#199));
#1343=EDGE_LOOP('',(#200));
#1344=EDGE_LOOP('',(#201));
#1345=EDGE_LOOP('',(#202));
#1346=EDGE_LOOP('',(#203));
#1347=EDGE_LOOP('',(#204));
#1348=EDGE_LOOP('',(#205));
#1349=EDGE_LOOP('',(#206));
#1350=EDGE_LOOP('',(#207));
#1351=EDGE_LOOP('',(#208));
#1352=EDGE_LOOP('',(#209));
#1353=EDGE_LOOP('',(#210));
#1354=EDGE_LOOP('',(#211));
#1355=EDGE_LOOP('',(#212));
#1356=EDGE_LOOP('',(#213));
#1357=EDGE_LOOP('',(#214));
#1358=EDGE_LOOP('',(#215));
#1359=EDGE_LOOP('',(#216));
#1360=EDGE_LOOP('',(#217));
#1361=EDGE_LOOP('',(#218));
#1362=EDGE_LOOP('',(#219));
#1363=EDGE_LOOP('',(#220));
#1364=EDGE_LOOP('',(#221));
#1365=EDGE_LOOP('',(#222));
#1366=EDGE_LOOP('',(#223));
#1367=EDGE_LOOP('',(#224));
#1368=EDGE_LOOP('',(#225));
#1369=EDGE_LOOP('',(#226));
#1370=EDGE_LOOP('',(#227));
#1371=EDGE_LOOP('',(#228));
#1372=EDGE_LOOP('',(#229));
#1373=EDGE_LOOP('',(#230));
#1374=EDGE_LOOP('',(#231));
#1375=EDGE_LOOP('',(#232));
#1376=EDGE_LOOP('',(#233));
#1377=EDGE_LOOP('',(#234));
#1378=EDGE_LOOP('',(#235));
#1379=EDGE_LOOP('',(#236));
#1380=EDGE_LOOP('',(#237));
#1381=EDGE_LOOP('',(#238));
#1382=EDGE_LOOP('',(#239));
#1383=EDGE_LOOP('',(#240));
#1384=EDGE_LOOP('',(#241));
#1385=EDGE_LOOP('',(#242));
#1386=EDGE_LOOP('',(#243));
#1387=EDGE_LOOP('',(#244));
#1388=EDGE_LOOP('',(#245));
#1389=EDGE_LOOP('',(#246));
#1390=EDGE_LOOP('',(#247));
#1391=EDGE_LOOP('',(#248));
#1392=EDGE_LOOP('',(#249));
#1393=EDGE_LOOP('',(#250));
#1394=EDGE_LOOP('',(#251));
#1395=EDGE_LOOP('',(#252));
#1396=EDGE_LOOP('',(#253));
#1397=EDGE_LOOP('',(#254));
#1398=EDGE_LOOP('',(#255));
#1399=EDGE_LOOP('',(#256,#257,#258,#259,#260,#261,#262,#263,#264,#265,#266,
#267));
#1400=EDGE_LOOP('',(#268));
#1401=EDGE_LOOP('',(#269,#270,#271,#272));
#1402=EDGE_LOOP('',(#273));
#1403=EDGE_LOOP('',(#274));
#1404=EDGE_LOOP('',(#275));
#1405=EDGE_LOOP('',(#276));
#1406=EDGE_LOOP('',(#277));
#1407=EDGE_LOOP('',(#278));
#1408=EDGE_LOOP('',(#279));
#1409=EDGE_LOOP('',(#280));
#1410=EDGE_LOOP('',(#281));
#1411=EDGE_LOOP('',(#282));
#1412=EDGE_LOOP('',(#283));
#1413=EDGE_LOOP('',(#284));
#1414=EDGE_LOOP('',(#285));
#1415=EDGE_LOOP('',(#286));
#1416=EDGE_LOOP('',(#287));
#1417=EDGE_LOOP('',(#288));
#1418=EDGE_LOOP('',(#289));
#1419=EDGE_LOOP('',(#290));
#1420=EDGE_LOOP('',(#291));
#1421=EDGE_LOOP('',(#292));
#1422=EDGE_LOOP('',(#293));
#1423=EDGE_LOOP('',(#294));
#1424=EDGE_LOOP('',(#295));
#1425=EDGE_LOOP('',(#296));
#1426=EDGE_LOOP('',(#297));
#1427=EDGE_LOOP('',(#298));
#1428=EDGE_LOOP('',(#299));
#1429=EDGE_LOOP('',(#300));
#1430=EDGE_LOOP('',(#301));
#1431=EDGE_LOOP('',(#302));
#1432=EDGE_LOOP('',(#303));
#1433=EDGE_LOOP('',(#304));
#1434=EDGE_LOOP('',(#305));
#1435=EDGE_LOOP('',(#306));
#1436=EDGE_LOOP('',(#307));
#1437=EDGE_LOOP('',(#308));
#1438=EDGE_LOOP('',(#309));
#1439=EDGE_LOOP('',(#310));
#1440=EDGE_LOOP('',(#311));
#1441=EDGE_LOOP('',(#312));
#1442=EDGE_LOOP('',(#313));
#1443=EDGE_LOOP('',(#314));
#1444=EDGE_LOOP('',(#315));
#1445=EDGE_LOOP('',(#316));
#1446=EDGE_LOOP('',(#317));
#1447=EDGE_LOOP('',(#318));
#1448=EDGE_LOOP('',(#319));
#1449=EDGE_LOOP('',(#320));
#1450=EDGE_LOOP('',(#321));
#1451=EDGE_LOOP('',(#322));
#1452=EDGE_LOOP('',(#323));
#1453=EDGE_LOOP('',(#324));
#1454=EDGE_LOOP('',(#325));
#1455=EDGE_LOOP('',(#326));
#1456=EDGE_LOOP('',(#327));
#1457=EDGE_LOOP('',(#328));
#1458=EDGE_LOOP('',(#329));
#1459=EDGE_LOOP('',(#330));
#1460=EDGE_LOOP('',(#331));
#1461=EDGE_LOOP('',(#332));
#1462=EDGE_LOOP('',(#333));
#1463=EDGE_LOOP('',(#334));
#1464=EDGE_LOOP('',(#335));
#1465=EDGE_LOOP('',(#336));
#1466=EDGE_LOOP('',(#337));
#1467=EDGE_LOOP('',(#338));
#1468=EDGE_LOOP('',(#339));
#1469=EDGE_LOOP('',(#340));
#1470=EDGE_LOOP('',(#341));
#1471=EDGE_LOOP('',(#342));
#1472=EDGE_LOOP('',(#343));
#1473=EDGE_LOOP('',(#344));
#1474=EDGE_LOOP('',(#345));
#1475=EDGE_LOOP('',(#346));
#1476=EDGE_LOOP('',(#347));
#1477=EDGE_LOOP('',(#348));
#1478=EDGE_LOOP('',(#349));
#1479=EDGE_LOOP('',(#350));
#1480=EDGE_LOOP('',(#351));
#1481=EDGE_LOOP('',(#352));
#1482=EDGE_LOOP('',(#353));
#1483=EDGE_LOOP('',(#354));
#1484=EDGE_LOOP('',(#355));
#1485=EDGE_LOOP('',(#356));
#1486=EDGE_LOOP('',(#357,#358,#359,#360,#361,#362,#363,#364));
#1487=EDGE_LOOP('',(#365));
#1488=EDGE_LOOP('',(#366,#367,#368,#369));
#1489=EDGE_LOOP('',(#370,#371,#372,#373));
#1490=EDGE_LOOP('',(#374,#375));
#1491=EDGE_LOOP('',(#376,#377,#378,#379,#380,#381));
#1492=EDGE_LOOP('',(#382));
#1493=EDGE_LOOP('',(#383));
#1494=EDGE_LOOP('',(#384,#385));
#1495=EDGE_LOOP('',(#386));
#1496=EDGE_LOOP('',(#387));
#1497=EDGE_LOOP('',(#388,#389,#390,#391,#392,#393,#394,#395));
#1498=EDGE_LOOP('',(#396,#397,#398));
#1499=EDGE_LOOP('',(#399,#400,#401));
#1500=EDGE_LOOP('',(#402,#403,#404,#405));
#1501=EDGE_LOOP('',(#406,#407,#408,#409));
#1502=EDGE_LOOP('',(#410,#411,#412,#413));
#1503=EDGE_LOOP('',(#414,#415,#416,#417,#418,#419,#420,#421));
#1504=EDGE_LOOP('',(#422,#423,#424,#425,#426,#427));
#1505=EDGE_LOOP('',(#428,#429,#430,#431,#432));
#1506=EDGE_LOOP('',(#433,#434,#435,#436));
#1507=EDGE_LOOP('',(#437,#438,#439,#440));
#1508=EDGE_LOOP('',(#441,#442,#443,#444));
#1509=EDGE_LOOP('',(#445,#446,#447,#448,#449));
#1510=EDGE_LOOP('',(#450,#451,#452,#453));
#1511=EDGE_LOOP('',(#454,#455,#456,#457));
#1512=EDGE_LOOP('',(#458,#459,#460,#461));
#1513=EDGE_LOOP('',(#462,#463,#464));
#1514=EDGE_LOOP('',(#465,#466,#467,#468));
#1515=EDGE_LOOP('',(#469,#470,#471));
#1516=EDGE_LOOP('',(#472,#473,#474,#475));
#1517=EDGE_LOOP('',(#476,#477,#478,#479));
#1518=EDGE_LOOP('',(#480));
#1519=EDGE_LOOP('',(#481));
#1520=EDGE_LOOP('',(#482));
#1521=EDGE_LOOP('',(#483));
#1522=EDGE_LOOP('',(#484));
#1523=EDGE_LOOP('',(#485));
#1524=EDGE_LOOP('',(#486));
#1525=EDGE_LOOP('',(#487));
#1526=EDGE_LOOP('',(#488));
#1527=EDGE_LOOP('',(#489));
#1528=EDGE_LOOP('',(#490));
#1529=EDGE_LOOP('',(#491));
#1530=EDGE_LOOP('',(#492));
#1531=EDGE_LOOP('',(#493));
#1532=EDGE_LOOP('',(#494));
#1533=EDGE_LOOP('',(#495));
#1534=EDGE_LOOP('',(#496));
#1535=EDGE_LOOP('',(#497));
#1536=EDGE_LOOP('',(#498));
#1537=EDGE_LOOP('',(#499));
#1538=EDGE_LOOP('',(#500));
#1539=EDGE_LOOP('',(#501));
#1540=EDGE_LOOP('',(#502));
#1541=EDGE_LOOP('',(#503));
#1542=EDGE_LOOP('',(#504));
#1543=EDGE_LOOP('',(#505));
#1544=EDGE_LOOP('',(#506));
#1545=EDGE_LOOP('',(#507));
#1546=EDGE_LOOP('',(#508));
#1547=EDGE_LOOP('',(#509));
#1548=EDGE_LOOP('',(#510));
#1549=EDGE_LOOP('',(#511));
#1550=EDGE_LOOP('',(#512));
#1551=EDGE_LOOP('',(#513));
#1552=EDGE_LOOP('',(#514));
#1553=EDGE_LOOP('',(#515));
#1554=EDGE_LOOP('',(#516));
#1555=EDGE_LOOP('',(#517));
#1556=EDGE_LOOP('',(#518));
#1557=EDGE_LOOP('',(#519));
#1558=EDGE_LOOP('',(#520));
#1559=EDGE_LOOP('',(#521));
#1560=EDGE_LOOP('',(#522));
#1561=EDGE_LOOP('',(#523));
#1562=EDGE_LOOP('',(#524));
#1563=EDGE_LOOP('',(#525));
#1564=EDGE_LOOP('',(#526));
#1565=EDGE_LOOP('',(#527));
#1566=EDGE_LOOP('',(#528));
#1567=EDGE_LOOP('',(#529));
#1568=EDGE_LOOP('',(#530));
#1569=EDGE_LOOP('',(#531));
#1570=EDGE_LOOP('',(#532));
#1571=EDGE_LOOP('',(#533));
#1572=EDGE_LOOP('',(#534));
#1573=EDGE_LOOP('',(#535));
#1574=EDGE_LOOP('',(#536));
#1575=EDGE_LOOP('',(#537));
#1576=EDGE_LOOP('',(#538));
#1577=EDGE_LOOP('',(#539));
#1578=EDGE_LOOP('',(#540));
#1579=EDGE_LOOP('',(#541));
#1580=EDGE_LOOP('',(#542));
#1581=EDGE_LOOP('',(#543));
#1582=EDGE_LOOP('',(#544));
#1583=EDGE_LOOP('',(#545));
#1584=EDGE_LOOP('',(#546));
#1585=EDGE_LOOP('',(#547));
#1586=EDGE_LOOP('',(#548));
#1587=EDGE_LOOP('',(#549));
#1588=EDGE_LOOP('',(#550));
#1589=EDGE_LOOP('',(#551));
#1590=EDGE_LOOP('',(#552));
#1591=EDGE_LOOP('',(#553));
#1592=EDGE_LOOP('',(#554));
#1593=EDGE_LOOP('',(#555));
#1594=EDGE_LOOP('',(#556));
#1595=EDGE_LOOP('',(#557));
#1596=EDGE_LOOP('',(#558));
#1597=EDGE_LOOP('',(#559));
#1598=EDGE_LOOP('',(#560));
#1599=EDGE_LOOP('',(#561));
#1600=EDGE_LOOP('',(#562));
#1601=EDGE_LOOP('',(#563,#564,#565,#566,#567,#568));
#1602=EDGE_LOOP('',(#569));
#1603=EDGE_LOOP('',(#570));
#1604=EDGE_LOOP('',(#571));
#1605=FACE_BOUND('',#1233,.T.);
#1606=FACE_BOUND('',#1234,.T.);
#1607=FACE_BOUND('',#1235,.T.);
#1608=FACE_BOUND('',#1236,.T.);
#1609=FACE_BOUND('',#1237,.T.);
#1610=FACE_BOUND('',#1238,.T.);
#1611=FACE_BOUND('',#1239,.T.);
#1612=FACE_BOUND('',#1240,.T.);
#1613=FACE_BOUND('',#1241,.T.);
#1614=FACE_BOUND('',#1242,.T.);
#1615=FACE_BOUND('',#1243,.T.);
#1616=FACE_BOUND('',#1244,.T.);
#1617=FACE_BOUND('',#1245,.T.);
#1618=FACE_BOUND('',#1246,.T.);
#1619=FACE_BOUND('',#1247,.T.);
#1620=FACE_BOUND('',#1248,.T.);
#1621=FACE_BOUND('',#1249,.T.);
#1622=FACE_BOUND('',#1250,.T.);
#1623=FACE_BOUND('',#1251,.T.);
#1624=FACE_BOUND('',#1252,.T.);
#1625=FACE_BOUND('',#1253,.T.);
#1626=FACE_BOUND('',#1254,.T.);
#1627=FACE_BOUND('',#1255,.T.);
#1628=FACE_BOUND('',#1256,.T.);
#1629=FACE_BOUND('',#1257,.T.);
#1630=FACE_BOUND('',#1258,.T.);
#1631=FACE_BOUND('',#1259,.T.);
#1632=FACE_BOUND('',#1260,.T.);
#1633=FACE_BOUND('',#1261,.T.);
#1634=FACE_BOUND('',#1262,.T.);
#1635=FACE_BOUND('',#1263,.T.);
#1636=FACE_BOUND('',#1264,.T.);
#1637=FACE_BOUND('',#1265,.T.);
#1638=FACE_BOUND('',#1266,.T.);
#1639=FACE_BOUND('',#1267,.T.);
#1640=FACE_BOUND('',#1268,.T.);
#1641=FACE_BOUND('',#1269,.T.);
#1642=FACE_BOUND('',#1270,.T.);
#1643=FACE_BOUND('',#1271,.T.);
#1644=FACE_BOUND('',#1272,.T.);
#1645=FACE_BOUND('',#1273,.T.);
#1646=FACE_BOUND('',#1274,.T.);
#1647=FACE_BOUND('',#1275,.T.);
#1648=FACE_BOUND('',#1276,.T.);
#1649=FACE_BOUND('',#1277,.T.);
#1650=FACE_BOUND('',#1278,.T.);
#1651=FACE_BOUND('',#1279,.T.);
#1652=FACE_BOUND('',#1280,.T.);
#1653=FACE_BOUND('',#1281,.T.);
#1654=FACE_BOUND('',#1282,.T.);
#1655=FACE_BOUND('',#1283,.T.);
#1656=FACE_BOUND('',#1284,.T.);
#1657=FACE_BOUND('',#1285,.T.);
#1658=FACE_BOUND('',#1286,.T.);
#1659=FACE_BOUND('',#1287,.T.);
#1660=FACE_BOUND('',#1288,.T.);
#1661=FACE_BOUND('',#1289,.T.);
#1662=FACE_BOUND('',#1290,.T.);
#1663=FACE_BOUND('',#1291,.T.);
#1664=FACE_BOUND('',#1292,.T.);
#1665=FACE_BOUND('',#1293,.T.);
#1666=FACE_BOUND('',#1294,.T.);
#1667=FACE_BOUND('',#1295,.T.);
#1668=FACE_BOUND('',#1296,.T.);
#1669=FACE_BOUND('',#1297,.T.);
#1670=FACE_BOUND('',#1298,.T.);
#1671=FACE_BOUND('',#1299,.T.);
#1672=FACE_BOUND('',#1300,.T.);
#1673=FACE_BOUND('',#1301,.T.);
#1674=FACE_BOUND('',#1302,.T.);
#1675=FACE_BOUND('',#1303,.T.);
#1676=FACE_BOUND('',#1304,.T.);
#1677=FACE_BOUND('',#1305,.T.);
#1678=FACE_BOUND('',#1306,.T.);
#1679=FACE_BOUND('',#1307,.T.);
#1680=FACE_BOUND('',#1308,.T.);
#1681=FACE_BOUND('',#1309,.T.);
#1682=FACE_BOUND('',#1310,.T.);
#1683=FACE_BOUND('',#1311,.T.);
#1684=FACE_BOUND('',#1312,.T.);
#1685=FACE_BOUND('',#1313,.T.);
#1686=FACE_BOUND('',#1314,.T.);
#1687=FACE_BOUND('',#1315,.T.);
#1688=FACE_BOUND('',#1316,.T.);
#1689=FACE_BOUND('',#1317,.T.);
#1690=FACE_BOUND('',#1318,.T.);
#1691=FACE_BOUND('',#1319,.T.);
#1692=FACE_BOUND('',#1320,.T.);
#1693=FACE_BOUND('',#1321,.T.);
#1694=FACE_BOUND('',#1322,.T.);
#1695=FACE_BOUND('',#1323,.T.);
#1696=FACE_BOUND('',#1324,.T.);
#1697=FACE_BOUND('',#1325,.T.);
#1698=FACE_BOUND('',#1326,.T.);
#1699=FACE_BOUND('',#1327,.T.);
#1700=FACE_BOUND('',#1328,.T.);
#1701=FACE_BOUND('',#1329,.T.);
#1702=FACE_BOUND('',#1330,.T.);
#1703=FACE_BOUND('',#1331,.T.);
#1704=FACE_BOUND('',#1332,.T.);
#1705=FACE_BOUND('',#1333,.T.);
#1706=FACE_BOUND('',#1334,.T.);
#1707=FACE_BOUND('',#1335,.T.);
#1708=FACE_BOUND('',#1336,.T.);
#1709=FACE_BOUND('',#1337,.T.);
#1710=FACE_BOUND('',#1338,.T.);
#1711=FACE_BOUND('',#1339,.T.);
#1712=FACE_BOUND('',#1340,.T.);
#1713=FACE_BOUND('',#1341,.T.);
#1714=FACE_BOUND('',#1342,.T.);
#1715=FACE_BOUND('',#1343,.T.);
#1716=FACE_BOUND('',#1344,.T.);
#1717=FACE_BOUND('',#1345,.T.);
#1718=FACE_BOUND('',#1346,.T.);
#1719=FACE_BOUND('',#1347,.T.);
#1720=FACE_BOUND('',#1348,.T.);
#1721=FACE_BOUND('',#1349,.T.);
#1722=FACE_BOUND('',#1350,.T.);
#1723=FACE_BOUND('',#1351,.T.);
#1724=FACE_BOUND('',#1352,.T.);
#1725=FACE_BOUND('',#1353,.T.);
#1726=FACE_BOUND('',#1354,.T.);
#1727=FACE_BOUND('',#1355,.T.);
#1728=FACE_BOUND('',#1356,.T.);
#1729=FACE_BOUND('',#1357,.T.);
#1730=FACE_BOUND('',#1358,.T.);
#1731=FACE_BOUND('',#1359,.T.);
#1732=FACE_BOUND('',#1360,.T.);
#1733=FACE_BOUND('',#1361,.T.);
#1734=FACE_BOUND('',#1362,.T.);
#1735=FACE_BOUND('',#1363,.T.);
#1736=FACE_BOUND('',#1364,.T.);
#1737=FACE_BOUND('',#1365,.T.);
#1738=FACE_BOUND('',#1366,.T.);
#1739=FACE_BOUND('',#1367,.T.);
#1740=FACE_BOUND('',#1368,.T.);
#1741=FACE_BOUND('',#1369,.T.);
#1742=FACE_BOUND('',#1370,.T.);
#1743=FACE_BOUND('',#1371,.T.);
#1744=FACE_BOUND('',#1372,.T.);
#1745=FACE_BOUND('',#1373,.T.);
#1746=FACE_BOUND('',#1374,.T.);
#1747=FACE_BOUND('',#1375,.T.);
#1748=FACE_BOUND('',#1376,.T.);
#1749=FACE_BOUND('',#1377,.T.);
#1750=FACE_BOUND('',#1378,.T.);
#1751=FACE_BOUND('',#1379,.T.);
#1752=FACE_BOUND('',#1380,.T.);
#1753=FACE_BOUND('',#1381,.T.);
#1754=FACE_BOUND('',#1382,.T.);
#1755=FACE_BOUND('',#1383,.T.);
#1756=FACE_BOUND('',#1384,.T.);
#1757=FACE_BOUND('',#1385,.T.);
#1758=FACE_BOUND('',#1386,.T.);
#1759=FACE_BOUND('',#1387,.T.);
#1760=FACE_BOUND('',#1388,.T.);
#1761=FACE_BOUND('',#1389,.T.);
#1762=FACE_BOUND('',#1390,.T.);
#1763=FACE_BOUND('',#1391,.T.);
#1764=FACE_BOUND('',#1392,.T.);
#1765=FACE_BOUND('',#1393,.T.);
#1766=FACE_BOUND('',#1394,.T.);
#1767=FACE_BOUND('',#1395,.T.);
#1768=FACE_BOUND('',#1396,.T.);
#1769=FACE_BOUND('',#1397,.T.);
#1770=FACE_BOUND('',#1398,.T.);
#1771=FACE_BOUND('',#1399,.T.);
#1772=FACE_BOUND('',#1400,.T.);
#1773=FACE_BOUND('',#1401,.T.);
#1774=FACE_BOUND('',#1402,.T.);
#1775=FACE_BOUND('',#1403,.T.);
#1776=FACE_BOUND('',#1404,.T.);
#1777=FACE_BOUND('',#1405,.T.);
#1778=FACE_BOUND('',#1406,.T.);
#1779=FACE_BOUND('',#1407,.T.);
#1780=FACE_BOUND('',#1408,.T.);
#1781=FACE_BOUND('',#1409,.T.);
#1782=FACE_BOUND('',#1410,.T.);
#1783=FACE_BOUND('',#1411,.T.);
#1784=FACE_BOUND('',#1412,.T.);
#1785=FACE_BOUND('',#1413,.T.);
#1786=FACE_BOUND('',#1414,.T.);
#1787=FACE_BOUND('',#1415,.T.);
#1788=FACE_BOUND('',#1416,.T.);
#1789=FACE_BOUND('',#1417,.T.);
#1790=FACE_BOUND('',#1418,.T.);
#1791=FACE_BOUND('',#1419,.T.);
#1792=FACE_BOUND('',#1420,.T.);
#1793=FACE_BOUND('',#1421,.T.);
#1794=FACE_BOUND('',#1422,.T.);
#1795=FACE_BOUND('',#1423,.T.);
#1796=FACE_BOUND('',#1424,.T.);
#1797=FACE_BOUND('',#1425,.T.);
#1798=FACE_BOUND('',#1426,.T.);
#1799=FACE_BOUND('',#1427,.T.);
#1800=FACE_BOUND('',#1428,.T.);
#1801=FACE_BOUND('',#1429,.T.);
#1802=FACE_BOUND('',#1430,.T.);
#1803=FACE_BOUND('',#1431,.T.);
#1804=FACE_BOUND('',#1432,.T.);
#1805=FACE_BOUND('',#1433,.T.);
#1806=FACE_BOUND('',#1434,.T.);
#1807=FACE_BOUND('',#1435,.T.);
#1808=FACE_BOUND('',#1436,.T.);
#1809=FACE_BOUND('',#1437,.T.);
#1810=FACE_BOUND('',#1438,.T.);
#1811=FACE_BOUND('',#1439,.T.);
#1812=FACE_BOUND('',#1440,.T.);
#1813=FACE_BOUND('',#1441,.T.);
#1814=FACE_BOUND('',#1442,.T.);
#1815=FACE_BOUND('',#1443,.T.);
#1816=FACE_BOUND('',#1444,.T.);
#1817=FACE_BOUND('',#1445,.T.);
#1818=FACE_BOUND('',#1446,.T.);
#1819=FACE_BOUND('',#1447,.T.);
#1820=FACE_BOUND('',#1448,.T.);
#1821=FACE_BOUND('',#1449,.T.);
#1822=FACE_BOUND('',#1450,.T.);
#1823=FACE_BOUND('',#1451,.T.);
#1824=FACE_BOUND('',#1452,.T.);
#1825=FACE_BOUND('',#1453,.T.);
#1826=FACE_BOUND('',#1454,.T.);
#1827=FACE_BOUND('',#1455,.T.);
#1828=FACE_BOUND('',#1456,.T.);
#1829=FACE_BOUND('',#1457,.T.);
#1830=FACE_BOUND('',#1458,.T.);
#1831=FACE_BOUND('',#1459,.T.);
#1832=FACE_BOUND('',#1460,.T.);
#1833=FACE_BOUND('',#1461,.T.);
#1834=FACE_BOUND('',#1462,.T.);
#1835=FACE_BOUND('',#1463,.T.);
#1836=FACE_BOUND('',#1464,.T.);
#1837=FACE_BOUND('',#1465,.T.);
#1838=FACE_BOUND('',#1466,.T.);
#1839=FACE_BOUND('',#1467,.T.);
#1840=FACE_BOUND('',#1468,.T.);
#1841=FACE_BOUND('',#1469,.T.);
#1842=FACE_BOUND('',#1470,.T.);
#1843=FACE_BOUND('',#1471,.T.);
#1844=FACE_BOUND('',#1472,.T.);
#1845=FACE_BOUND('',#1473,.T.);
#1846=FACE_BOUND('',#1474,.T.);
#1847=FACE_BOUND('',#1475,.T.);
#1848=FACE_BOUND('',#1476,.T.);
#1849=FACE_BOUND('',#1477,.T.);
#1850=FACE_BOUND('',#1478,.T.);
#1851=FACE_BOUND('',#1479,.T.);
#1852=FACE_BOUND('',#1480,.T.);
#1853=FACE_BOUND('',#1481,.T.);
#1854=FACE_BOUND('',#1482,.T.);
#1855=FACE_BOUND('',#1483,.T.);
#1856=FACE_BOUND('',#1484,.T.);
#1857=FACE_BOUND('',#1485,.T.);
#1858=FACE_BOUND('',#1486,.T.);
#1859=FACE_BOUND('',#1487,.T.);
#1860=FACE_BOUND('',#1488,.T.);
#1861=FACE_BOUND('',#1489,.T.);
#1862=FACE_BOUND('',#1490,.T.);
#1863=FACE_BOUND('',#1491,.T.);
#1864=FACE_BOUND('',#1492,.T.);
#1865=FACE_BOUND('',#1493,.T.);
#1866=FACE_BOUND('',#1494,.T.);
#1867=FACE_BOUND('',#1495,.T.);
#1868=FACE_BOUND('',#1496,.T.);
#1869=FACE_BOUND('',#1497,.T.);
#1870=FACE_BOUND('',#1498,.T.);
#1871=FACE_BOUND('',#1499,.T.);
#1872=FACE_BOUND('',#1500,.T.);
#1873=FACE_BOUND('',#1501,.T.);
#1874=FACE_BOUND('',#1502,.T.);
#1875=FACE_BOUND('',#1503,.T.);
#1876=FACE_BOUND('',#1504,.T.);
#1877=FACE_BOUND('',#1505,.T.);
#1878=FACE_BOUND('',#1506,.T.);
#1879=FACE_BOUND('',#1507,.T.);
#1880=FACE_BOUND('',#1508,.T.);
#1881=FACE_BOUND('',#1509,.T.);
#1882=FACE_BOUND('',#1510,.T.);
#1883=FACE_BOUND('',#1511,.T.);
#1884=FACE_BOUND('',#1512,.T.);
#1885=FACE_BOUND('',#1513,.T.);
#1886=FACE_BOUND('',#1514,.T.);
#1887=FACE_BOUND('',#1515,.T.);
#1888=FACE_BOUND('',#1516,.T.);
#1889=FACE_BOUND('',#1517,.T.);
#1890=FACE_BOUND('',#1518,.T.);
#1891=FACE_BOUND('',#1519,.T.);
#1892=FACE_BOUND('',#1520,.T.);
#1893=FACE_BOUND('',#1521,.T.);
#1894=FACE_BOUND('',#1522,.T.);
#1895=FACE_BOUND('',#1523,.T.);
#1896=FACE_BOUND('',#1524,.T.);
#1897=FACE_BOUND('',#1525,.T.);
#1898=FACE_BOUND('',#1526,.T.);
#1899=FACE_BOUND('',#1527,.T.);
#1900=FACE_BOUND('',#1528,.T.);
#1901=FACE_BOUND('',#1529,.T.);
#1902=FACE_BOUND('',#1530,.T.);
#1903=FACE_BOUND('',#1531,.T.);
#1904=FACE_BOUND('',#1532,.T.);
#1905=FACE_BOUND('',#1533,.T.);
#1906=FACE_BOUND('',#1534,.T.);
#1907=FACE_BOUND('',#1535,.T.);
#1908=FACE_BOUND('',#1536,.T.);
#1909=FACE_BOUND('',#1537,.T.);
#1910=FACE_BOUND('',#1538,.T.);
#1911=FACE_BOUND('',#1539,.T.);
#1912=FACE_BOUND('',#1540,.T.);
#1913=FACE_BOUND('',#1541,.T.);
#1914=FACE_BOUND('',#1542,.T.);
#1915=FACE_BOUND('',#1543,.T.);
#1916=FACE_BOUND('',#1544,.T.);
#1917=FACE_BOUND('',#1545,.T.);
#1918=FACE_BOUND('',#1546,.T.);
#1919=FACE_BOUND('',#1547,.T.);
#1920=FACE_BOUND('',#1548,.T.);
#1921=FACE_BOUND('',#1549,.T.);
#1922=FACE_BOUND('',#1550,.T.);
#1923=FACE_BOUND('',#1551,.T.);
#1924=FACE_BOUND('',#1552,.T.);
#1925=FACE_BOUND('',#1553,.T.);
#1926=FACE_BOUND('',#1554,.T.);
#1927=FACE_BOUND('',#1555,.T.);
#1928=FACE_BOUND('',#1556,.T.);
#1929=FACE_BOUND('',#1557,.T.);
#1930=FACE_BOUND('',#1558,.T.);
#1931=FACE_BOUND('',#1559,.T.);
#1932=FACE_BOUND('',#1560,.T.);
#1933=FACE_BOUND('',#1561,.T.);
#1934=FACE_BOUND('',#1562,.T.);
#1935=FACE_BOUND('',#1563,.T.);
#1936=FACE_BOUND('',#1564,.T.);
#1937=FACE_BOUND('',#1565,.T.);
#1938=FACE_BOUND('',#1566,.T.);
#1939=FACE_BOUND('',#1567,.T.);
#1940=FACE_BOUND('',#1568,.T.);
#1941=FACE_BOUND('',#1569,.T.);
#1942=FACE_BOUND('',#1570,.T.);
#1943=FACE_BOUND('',#1571,.T.);
#1944=FACE_BOUND('',#1572,.T.);
#1945=FACE_BOUND('',#1573,.T.);
#1946=FACE_BOUND('',#1574,.T.);
#1947=FACE_BOUND('',#1575,.T.);
#1948=FACE_BOUND('',#1576,.T.);
#1949=FACE_BOUND('',#1577,.T.);
#1950=FACE_BOUND('',#1578,.T.);
#1951=FACE_BOUND('',#1579,.T.);
#1952=FACE_BOUND('',#1580,.T.);
#1953=FACE_BOUND('',#1581,.T.);
#1954=FACE_BOUND('',#1582,.T.);
#1955=FACE_BOUND('',#1583,.T.);
#1956=FACE_BOUND('',#1584,.T.);
#1957=FACE_BOUND('',#1585,.T.);
#1958=FACE_BOUND('',#1586,.T.);
#1959=FACE_BOUND('',#1587,.T.);
#1960=FACE_BOUND('',#1588,.T.);
#1961=FACE_BOUND('',#1589,.T.);
#1962=FACE_BOUND('',#1590,.T.);
#1963=FACE_BOUND('',#1591,.T.);
#1964=FACE_BOUND('',#1592,.T.);
#1965=FACE_BOUND('',#1593,.T.);
#1966=FACE_BOUND('',#1594,.T.);
#1967=FACE_BOUND('',#1595,.T.);
#1968=FACE_BOUND('',#1596,.T.);
#1969=FACE_BOUND('',#1597,.T.);
#1970=FACE_BOUND('',#1598,.T.);
#1971=FACE_BOUND('',#1599,.T.);
#1972=FACE_BOUND('',#1600,.T.);
#1973=FACE_BOUND('',#1601,.T.);
#1974=FACE_BOUND('',#1602,.T.);
#1975=FACE_BOUND('',#1603,.T.);
#1976=FACE_BOUND('',#1604,.T.);
#1977=CYLINDRICAL_SURFACE('',#2200,0.003409055);
#1978=CYLINDRICAL_SURFACE('',#2203,0.003409055);
#1979=CYLINDRICAL_SURFACE('',#2206,0.003409055);
#1980=CYLINDRICAL_SURFACE('',#2209,0.003409055);
#1981=CYLINDRICAL_SURFACE('',#2212,0.003409055);
#1982=CYLINDRICAL_SURFACE('',#2215,0.003409055);
#1983=CYLINDRICAL_SURFACE('',#2218,0.003409055);
#1984=CYLINDRICAL_SURFACE('',#2221,0.003409055);
#1985=CYLINDRICAL_SURFACE('',#2224,0.003409055);
#1986=CYLINDRICAL_SURFACE('',#2227,0.003409055);
#1987=CYLINDRICAL_SURFACE('',#2230,0.003409055);
#1988=CYLINDRICAL_SURFACE('',#2233,0.003409055);
#1989=CYLINDRICAL_SURFACE('',#2236,0.003409055);
#1990=CYLINDRICAL_SURFACE('',#2239,0.003409055);
#1991=CYLINDRICAL_SURFACE('',#2242,0.003409055);
#1992=CYLINDRICAL_SURFACE('',#2245,0.003409055);
#1993=CYLINDRICAL_SURFACE('',#2248,0.003409055);
#1994=CYLINDRICAL_SURFACE('',#2251,0.003409055);
#1995=CYLINDRICAL_SURFACE('',#2254,0.003409055);
#1996=CYLINDRICAL_SURFACE('',#2257,0.003409055);
#1997=CYLINDRICAL_SURFACE('',#2260,0.003409055);
#1998=CYLINDRICAL_SURFACE('',#2263,0.003409055);
#1999=CYLINDRICAL_SURFACE('',#2266,0.003409055);
#2000=CYLINDRICAL_SURFACE('',#2269,0.003409055);
#2001=CYLINDRICAL_SURFACE('',#2272,0.003409055);
#2002=CYLINDRICAL_SURFACE('',#2275,0.003409055);
#2003=CYLINDRICAL_SURFACE('',#2278,0.003409055);
#2004=CYLINDRICAL_SURFACE('',#2281,0.003409055);
#2005=CYLINDRICAL_SURFACE('',#2284,0.003409055);
#2006=CYLINDRICAL_SURFACE('',#2287,0.003409055);
#2007=CYLINDRICAL_SURFACE('',#2290,0.003409055);
#2008=CYLINDRICAL_SURFACE('',#2293,0.003409055);
#2009=CYLINDRICAL_SURFACE('',#2296,0.003409055);
#2010=CYLINDRICAL_SURFACE('',#2299,0.003409055);
#2011=CYLINDRICAL_SURFACE('',#2302,0.003409055);
#2012=CYLINDRICAL_SURFACE('',#2305,0.003409055);
#2013=CYLINDRICAL_SURFACE('',#2308,0.003409055);
#2014=CYLINDRICAL_SURFACE('',#2311,0.003409055);
#2015=CYLINDRICAL_SURFACE('',#2314,0.003409055);
#2016=CYLINDRICAL_SURFACE('',#2317,0.003409055);
#2017=CYLINDRICAL_SURFACE('',#2320,0.003409055);
#2018=CYLINDRICAL_SURFACE('',#2323,0.003409055);
#2019=CYLINDRICAL_SURFACE('',#2326,0.003409055);
#2020=CYLINDRICAL_SURFACE('',#2329,0.003409055);
#2021=CYLINDRICAL_SURFACE('',#2332,0.003409055);
#2022=CYLINDRICAL_SURFACE('',#2335,0.003409055);
#2023=CYLINDRICAL_SURFACE('',#2338,0.003409055);
#2024=CYLINDRICAL_SURFACE('',#2341,0.003409055);
#2025=CYLINDRICAL_SURFACE('',#2344,0.003409055);
#2026=CYLINDRICAL_SURFACE('',#2347,0.003409055);
#2027=CYLINDRICAL_SURFACE('',#2350,0.003409055);
#2028=CYLINDRICAL_SURFACE('',#2353,0.003409055);
#2029=CYLINDRICAL_SURFACE('',#2356,0.003409055);
#2030=CYLINDRICAL_SURFACE('',#2359,0.003409055);
#2031=CYLINDRICAL_SURFACE('',#2362,0.003409055);
#2032=CYLINDRICAL_SURFACE('',#2365,0.003409055);
#2033=CYLINDRICAL_SURFACE('',#2368,0.003409055);
#2034=CYLINDRICAL_SURFACE('',#2371,0.003409055);
#2035=CYLINDRICAL_SURFACE('',#2374,0.003409055);
#2036=CYLINDRICAL_SURFACE('',#2377,0.003409055);
#2037=CYLINDRICAL_SURFACE('',#2380,0.003409055);
#2038=CYLINDRICAL_SURFACE('',#2383,0.003409055);
#2039=CYLINDRICAL_SURFACE('',#2386,0.003409055);
#2040=CYLINDRICAL_SURFACE('',#2389,0.003409055);
#2041=CYLINDRICAL_SURFACE('',#2392,0.003409055);
#2042=CYLINDRICAL_SURFACE('',#2395,0.003409055);
#2043=CYLINDRICAL_SURFACE('',#2398,0.003409055);
#2044=CYLINDRICAL_SURFACE('',#2401,0.003409055);
#2045=CYLINDRICAL_SURFACE('',#2404,0.003409055);
#2046=CYLINDRICAL_SURFACE('',#2407,0.003409055);
#2047=CYLINDRICAL_SURFACE('',#2410,0.003409055);
#2048=CYLINDRICAL_SURFACE('',#2413,0.003409055);
#2049=CYLINDRICAL_SURFACE('',#2416,0.003409055);
#2050=CYLINDRICAL_SURFACE('',#2419,0.003409055);
#2051=CYLINDRICAL_SURFACE('',#2422,0.003409055);
#2052=CYLINDRICAL_SURFACE('',#2425,0.003409055);
#2053=CYLINDRICAL_SURFACE('',#2428,0.003409055);
#2054=CYLINDRICAL_SURFACE('',#2431,0.003409055);
#2055=CYLINDRICAL_SURFACE('',#2434,0.003409055);
#2056=CYLINDRICAL_SURFACE('',#2437,0.003409055);
#2057=CYLINDRICAL_SURFACE('',#2440,0.003409055);
#2058=CYLINDRICAL_SURFACE('',#2443,0.003409055);
#2059=CYLINDRICAL_SURFACE('',#2446,0.003409055);
#2060=CYLINDRICAL_SURFACE('',#2449,0.0685268013578746);
#2061=CYLINDRICAL_SURFACE('',#2456,0.0121372987014594);
#2062=CYLINDRICAL_SURFACE('',#2467,0.0216770989540684);
#2063=CYLINDRICAL_SURFACE('',#2469,0.070315);
#2064=CYLINDRICAL_SURFACE('',#2475,0.0230364303441829);
#2065=CYLINDRICAL_SURFACE('',#2479,0.010437867716032);
#2066=CYLINDRICAL_SURFACE('',#2483,0.0737871887992921);
#2067=CYLINDRICAL_SURFACE('',#2496,0.00386274);
#2068=CYLINDRICAL_SURFACE('',#2501,0.00386274);
#2069=CYLINDRICAL_SURFACE('',#2505,0.0700361533356926);
#2070=CYLINDRICAL_SURFACE('',#2507,0.0685251682468344);
#2071=CYLINDRICAL_SURFACE('',#2509,0.0685251682468376);
#2072=CYLINDRICAL_SURFACE('',#2512,0.0046);
#2073=ADVANCED_FACE('',(#1605,#1606),#1977,.F.);
#2074=ADVANCED_FACE('',(#1607,#1608),#1978,.F.);
#2075=ADVANCED_FACE('',(#1609,#1610),#1979,.F.);
#2076=ADVANCED_FACE('',(#1611,#1612),#1980,.F.);
#2077=ADVANCED_FACE('',(#1613,#1614),#1981,.F.);
#2078=ADVANCED_FACE('',(#1615,#1616),#1982,.F.);
#2079=ADVANCED_FACE('',(#1617,#1618),#1983,.F.);
#2080=ADVANCED_FACE('',(#1619,#1620),#1984,.F.);
#2081=ADVANCED_FACE('',(#1621,#1622),#1985,.F.);
#2082=ADVANCED_FACE('',(#1623,#1624),#1986,.F.);
#2083=ADVANCED_FACE('',(#1625,#1626),#1987,.F.);
#2084=ADVANCED_FACE('',(#1627,#1628),#1988,.F.);
#2085=ADVANCED_FACE('',(#1629,#1630),#1989,.F.);
#2086=ADVANCED_FACE('',(#1631,#1632),#1990,.F.);
#2087=ADVANCED_FACE('',(#1633,#1634),#1991,.F.);
#2088=ADVANCED_FACE('',(#1635,#1636),#1992,.F.);
#2089=ADVANCED_FACE('',(#1637,#1638),#1993,.F.);
#2090=ADVANCED_FACE('',(#1639,#1640),#1994,.F.);
#2091=ADVANCED_FACE('',(#1641,#1642),#1995,.F.);
#2092=ADVANCED_FACE('',(#1643,#1644),#1996,.F.);
#2093=ADVANCED_FACE('',(#1645,#1646),#1997,.F.);
#2094=ADVANCED_FACE('',(#1647,#1648),#1998,.F.);
#2095=ADVANCED_FACE('',(#1649,#1650),#1999,.F.);
#2096=ADVANCED_FACE('',(#1651,#1652),#2000,.F.);
#2097=ADVANCED_FACE('',(#1653,#1654),#2001,.F.);
#2098=ADVANCED_FACE('',(#1655,#1656),#2002,.F.);
#2099=ADVANCED_FACE('',(#1657,#1658),#2003,.F.);
#2100=ADVANCED_FACE('',(#1659,#1660),#2004,.F.);
#2101=ADVANCED_FACE('',(#1661,#1662),#2005,.F.);
#2102=ADVANCED_FACE('',(#1663,#1664),#2006,.F.);
#2103=ADVANCED_FACE('',(#1665,#1666),#2007,.F.);
#2104=ADVANCED_FACE('',(#1667,#1668),#2008,.F.);
#2105=ADVANCED_FACE('',(#1669,#1670),#2009,.F.);
#2106=ADVANCED_FACE('',(#1671,#1672),#2010,.F.);
#2107=ADVANCED_FACE('',(#1673,#1674),#2011,.F.);
#2108=ADVANCED_FACE('',(#1675,#1676),#2012,.F.);
#2109=ADVANCED_FACE('',(#1677,#1678),#2013,.F.);
#2110=ADVANCED_FACE('',(#1679,#1680),#2014,.F.);
#2111=ADVANCED_FACE('',(#1681,#1682),#2015,.F.);
#2112=ADVANCED_FACE('',(#1683,#1684),#2016,.F.);
#2113=ADVANCED_FACE('',(#1685,#1686),#2017,.F.);
#2114=ADVANCED_FACE('',(#1687,#1688),#2018,.F.);
#2115=ADVANCED_FACE('',(#1689,#1690),#2019,.F.);
#2116=ADVANCED_FACE('',(#1691,#1692),#2020,.F.);
#2117=ADVANCED_FACE('',(#1693,#1694),#2021,.F.);
#2118=ADVANCED_FACE('',(#1695,#1696),#2022,.F.);
#2119=ADVANCED_FACE('',(#1697,#1698),#2023,.F.);
#2120=ADVANCED_FACE('',(#1699,#1700),#2024,.F.);
#2121=ADVANCED_FACE('',(#1701,#1702),#2025,.F.);
#2122=ADVANCED_FACE('',(#1703,#1704),#2026,.F.);
#2123=ADVANCED_FACE('',(#1705,#1706),#2027,.F.);
#2124=ADVANCED_FACE('',(#1707,#1708),#2028,.F.);
#2125=ADVANCED_FACE('',(#1709,#1710),#2029,.F.);
#2126=ADVANCED_FACE('',(#1711,#1712),#2030,.F.);
#2127=ADVANCED_FACE('',(#1713,#1714),#2031,.F.);
#2128=ADVANCED_FACE('',(#1715,#1716),#2032,.F.);
#2129=ADVANCED_FACE('',(#1717,#1718),#2033,.F.);
#2130=ADVANCED_FACE('',(#1719,#1720),#2034,.F.);
#2131=ADVANCED_FACE('',(#1721,#1722),#2035,.F.);
#2132=ADVANCED_FACE('',(#1723,#1724),#2036,.F.);
#2133=ADVANCED_FACE('',(#1725,#1726),#2037,.F.);
#2134=ADVANCED_FACE('',(#1727,#1728),#2038,.F.);
#2135=ADVANCED_FACE('',(#1729,#1730),#2039,.F.);
#2136=ADVANCED_FACE('',(#1731,#1732),#2040,.F.);
#2137=ADVANCED_FACE('',(#1733,#1734),#2041,.F.);
#2138=ADVANCED_FACE('',(#1735,#1736),#2042,.F.);
#2139=ADVANCED_FACE('',(#1737,#1738),#2043,.F.);
#2140=ADVANCED_FACE('',(#1739,#1740),#2044,.F.);
#2141=ADVANCED_FACE('',(#1741,#1742),#2045,.F.);
#2142=ADVANCED_FACE('',(#1743,#1744),#2046,.F.);
#2143=ADVANCED_FACE('',(#1745,#1746),#2047,.F.);
#2144=ADVANCED_FACE('',(#1747,#1748),#2048,.F.);
#2145=ADVANCED_FACE('',(#1749,#1750),#2049,.F.);
#2146=ADVANCED_FACE('',(#1751,#1752),#2050,.F.);
#2147=ADVANCED_FACE('',(#1753,#1754),#2051,.F.);
#2148=ADVANCED_FACE('',(#1755,#1756),#2052,.F.);
#2149=ADVANCED_FACE('',(#1757,#1758),#2053,.F.);
#2150=ADVANCED_FACE('',(#1759,#1760),#2054,.F.);
#2151=ADVANCED_FACE('',(#1761,#1762),#2055,.F.);
#2152=ADVANCED_FACE('',(#1763,#1764),#2056,.F.);
#2153=ADVANCED_FACE('',(#1765,#1766),#2057,.F.);
#2154=ADVANCED_FACE('',(#1767,#1768),#2058,.F.);
#2155=ADVANCED_FACE('',(#1769,#1770),#2059,.F.);
#2156=ADVANCED_FACE('',(#1771),#2060,.F.);
#2157=ADVANCED_FACE('',(#1772,#1773),#2061,.T.);
#2158=ADVANCED_FACE('',(#1774,#1775,#1776,#1777,#1778,#1779,#1780,#1781,
#1782,#1783,#1784,#1785,#1786,#1787,#1788,#1789,#1790,#1791,#1792,#1793,
#1794,#1795,#1796,#1797,#1798,#1799,#1800,#1801,#1802,#1803,#1804,#1805,
#1806,#1807,#1808,#1809,#1810,#1811,#1812,#1813,#1814,#1815,#1816,#1817,
#1818,#1819,#1820,#1821,#1822,#1823,#1824,#1825,#1826,#1827,#1828,#1829,
#1830,#1831,#1832,#1833,#1834,#1835,#1836,#1837,#1838,#1839,#1840,#1841,
#1842,#1843,#1844,#1845,#1846,#1847,#1848,#1849,#1850,#1851,#1852,#1853,
#1854,#1855,#1856,#1857,#1858),#21,.F.);
#2159=ADVANCED_FACE('',(#1859,#1860),#2062,.F.);
#2160=ADVANCED_FACE('',(#1861),#2063,.T.);
#2161=ADVANCED_FACE('',(#1862,#1863),#22,.T.);
#2162=ADVANCED_FACE('',(#1864,#1865),#2064,.T.);
#2163=ADVANCED_FACE('',(#1866,#1867),#23,.T.);
#2164=ADVANCED_FACE('',(#1868,#1869),#2065,.F.);
#2165=ADVANCED_FACE('',(#1870),#24,.T.);
#2166=ADVANCED_FACE('',(#1871),#25,.F.);
#2167=ADVANCED_FACE('',(#1872),#2066,.T.);
#2168=ADVANCED_FACE('',(#1873),#26,.T.);
#2169=ADVANCED_FACE('',(#1874),#16,.T.);
#2170=ADVANCED_FACE('',(#1875),#17,.T.);
#2171=ADVANCED_FACE('',(#1876),#18,.F.);
#2172=ADVANCED_FACE('',(#1877),#12,.T.);
#2173=ADVANCED_FACE('',(#1878),#13,.T.);
#2174=ADVANCED_FACE('',(#1879),#2067,.T.);
#2175=ADVANCED_FACE('',(#1880),#19,.T.);
#2176=ADVANCED_FACE('',(#1881),#14,.T.);
#2177=ADVANCED_FACE('',(#1882),#15,.T.);
#2178=ADVANCED_FACE('',(#1883),#2068,.T.);
#2179=ADVANCED_FACE('',(#1884),#20,.T.);
#2180=ADVANCED_FACE('',(#1885),#27,.T.);
#2181=ADVANCED_FACE('',(#1886),#2069,.T.);
#2182=ADVANCED_FACE('',(#1887),#28,.T.);
#2183=ADVANCED_FACE('',(#1888),#2070,.F.);
#2184=ADVANCED_FACE('',(#1889),#2071,.F.);
#2185=ADVANCED_FACE('',(#1890,#1891,#1892,#1893,#1894,#1895,#1896,#1897,
#1898,#1899,#1900,#1901,#1902,#1903,#1904,#1905,#1906,#1907,#1908,#1909,
#1910,#1911,#1912,#1913,#1914,#1915,#1916,#1917,#1918,#1919,#1920,#1921,
#1922,#1923,#1924,#1925,#1926,#1927,#1928,#1929,#1930,#1931,#1932,#1933,
#1934,#1935,#1936,#1937,#1938,#1939,#1940,#1941,#1942,#1943,#1944,#1945,
#1946,#1947,#1948,#1949,#1950,#1951,#1952,#1953,#1954,#1955,#1956,#1957,
#1958,#1959,#1960,#1961,#1962,#1963,#1964,#1965,#1966,#1967,#1968,#1969,
#1970,#1971,#1972,#1973,#1974),#29,.T.);
#2186=ADVANCED_FACE('',(#1975,#1976),#2072,.F.);
#2187=CLOSED_SHELL('',(#2073,#2074,#2075,#2076,#2077,#2078,#2079,#2080,
#2081,#2082,#2083,#2084,#2085,#2086,#2087,#2088,#2089,#2090,#2091,#2092,
#2093,#2094,#2095,#2096,#2097,#2098,#2099,#2100,#2101,#2102,#2103,#2104,
#2105,#2106,#2107,#2108,#2109,#2110,#2111,#2112,#2113,#2114,#2115,#2116,
#2117,#2118,#2119,#2120,#2121,#2122,#2123,#2124,#2125,#2126,#2127,#2128,
#2129,#2130,#2131,#2132,#2133,#2134,#2135,#2136,#2137,#2138,#2139,#2140,
#2141,#2142,#2143,#2144,#2145,#2146,#2147,#2148,#2149,#2150,#2151,#2152,
#2153,#2154,#2155,#2156,#2157,#2158,#2159,#2160,#2161,#2162,#2163,#2164,
#2165,#2166,#2167,#2168,#2169,#2170,#2171,#2172,#2173,#2174,#2175,#2176,
#2177,#2178,#2179,#2180,#2181,#2182,#2183,#2184,#2185,#2186));
#2188=STYLED_ITEM('',(#2189),#2196);
#2189=PRESENTATION_STYLE_ASSIGNMENT((#2190));
#2190=SURFACE_STYLE_USAGE(.BOTH.,#2191);
#2191=SURFACE_SIDE_STYLE('',(#2192));
#2192=SURFACE_STYLE_FILL_AREA(#2193);
#2193=FILL_AREA_STYLE('',(#2194));
#2194=FILL_AREA_STYLE_COLOUR('',#2195);
#2195=COLOUR_RGB('',0.498039215686275,0.498039215686275,0.498039215686275);
#2196=MANIFOLD_SOLID_BREP('Part 6',#2187);
#2197=SHAPE_DEFINITION_REPRESENTATION(#3882,#2198);
#2198=SHAPE_REPRESENTATION('Part 6',(#2199),#3877);
#2199=AXIS2_PLACEMENT_3D('',#3163,#2513,#2514);
#2200=AXIS2_PLACEMENT_3D('',#3164,#2515,#2516);
#2201=AXIS2_PLACEMENT_3D('',#3165,#2517,#2518);
#2202=AXIS2_PLACEMENT_3D('',#3167,#2519,#2520);
#2203=AXIS2_PLACEMENT_3D('',#3169,#2521,#2522);
#2204=AXIS2_PLACEMENT_3D('',#3170,#2523,#2524);
#2205=AXIS2_PLACEMENT_3D('',#3172,#2525,#2526);
#2206=AXIS2_PLACEMENT_3D('',#3174,#2527,#2528);
#2207=AXIS2_PLACEMENT_3D('',#3175,#2529,#2530);
#2208=AXIS2_PLACEMENT_3D('',#3177,#2531,#2532);
#2209=AXIS2_PLACEMENT_3D('',#3179,#2533,#2534);
#2210=AXIS2_PLACEMENT_3D('',#3180,#2535,#2536);
#2211=AXIS2_PLACEMENT_3D('',#3182,#2537,#2538);
#2212=AXIS2_PLACEMENT_3D('',#3184,#2539,#2540);
#2213=AXIS2_PLACEMENT_3D('',#3185,#2541,#2542);
#2214=AXIS2_PLACEMENT_3D('',#3187,#2543,#2544);
#2215=AXIS2_PLACEMENT_3D('',#3189,#2545,#2546);
#2216=AXIS2_PLACEMENT_3D('',#3190,#2547,#2548);
#2217=AXIS2_PLACEMENT_3D('',#3192,#2549,#2550);
#2218=AXIS2_PLACEMENT_3D('',#3194,#2551,#2552);
#2219=AXIS2_PLACEMENT_3D('',#3195,#2553,#2554);
#2220=AXIS2_PLACEMENT_3D('',#3197,#2555,#2556);
#2221=AXIS2_PLACEMENT_3D('',#3199,#2557,#2558);
#2222=AXIS2_PLACEMENT_3D('',#3200,#2559,#2560);
#2223=AXIS2_PLACEMENT_3D('',#3202,#2561,#2562);
#2224=AXIS2_PLACEMENT_3D('',#3204,#2563,#2564);
#2225=AXIS2_PLACEMENT_3D('',#3205,#2565,#2566);
#2226=AXIS2_PLACEMENT_3D('',#3207,#2567,#2568);
#2227=AXIS2_PLACEMENT_3D('',#3209,#2569,#2570);
#2228=AXIS2_PLACEMENT_3D('',#3210,#2571,#2572);
#2229=AXIS2_PLACEMENT_3D('',#3212,#2573,#2574);
#2230=AXIS2_PLACEMENT_3D('',#3214,#2575,#2576);
#2231=AXIS2_PLACEMENT_3D('',#3215,#2577,#2578);
#2232=AXIS2_PLACEMENT_3D('',#3217,#2579,#2580);
#2233=AXIS2_PLACEMENT_3D('',#3219,#2581,#2582);
#2234=AXIS2_PLACEMENT_3D('',#3220,#2583,#2584);
#2235=AXIS2_PLACEMENT_3D('',#3222,#2585,#2586);
#2236=AXIS2_PLACEMENT_3D('',#3224,#2587,#2588);
#2237=AXIS2_PLACEMENT_3D('',#3225,#2589,#2590);
#2238=AXIS2_PLACEMENT_3D('',#3227,#2591,#2592);
#2239=AXIS2_PLACEMENT_3D('',#3229,#2593,#2594);
#2240=AXIS2_PLACEMENT_3D('',#3230,#2595,#2596);
#2241=AXIS2_PLACEMENT_3D('',#3232,#2597,#2598);
#2242=AXIS2_PLACEMENT_3D('',#3234,#2599,#2600);
#2243=AXIS2_PLACEMENT_3D('',#3235,#2601,#2602);
#2244=AXIS2_PLACEMENT_3D('',#3237,#2603,#2604);
#2245=AXIS2_PLACEMENT_3D('',#3239,#2605,#2606);
#2246=AXIS2_PLACEMENT_3D('',#3240,#2607,#2608);
#2247=AXIS2_PLACEMENT_3D('',#3242,#2609,#2610);
#2248=AXIS2_PLACEMENT_3D('',#3244,#2611,#2612);
#2249=AXIS2_PLACEMENT_3D('',#3245,#2613,#2614);
#2250=AXIS2_PLACEMENT_3D('',#3247,#2615,#2616);
#2251=AXIS2_PLACEMENT_3D('',#3249,#2617,#2618);
#2252=AXIS2_PLACEMENT_3D('',#3250,#2619,#2620);
#2253=AXIS2_PLACEMENT_3D('',#3252,#2621,#2622);
#2254=AXIS2_PLACEMENT_3D('',#3254,#2623,#2624);
#2255=AXIS2_PLACEMENT_3D('',#3255,#2625,#2626);
#2256=AXIS2_PLACEMENT_3D('',#3257,#2627,#2628);
#2257=AXIS2_PLACEMENT_3D('',#3259,#2629,#2630);
#2258=AXIS2_PLACEMENT_3D('',#3260,#2631,#2632);
#2259=AXIS2_PLACEMENT_3D('',#3262,#2633,#2634);
#2260=AXIS2_PLACEMENT_3D('',#3264,#2635,#2636);
#2261=AXIS2_PLACEMENT_3D('',#3265,#2637,#2638);
#2262=AXIS2_PLACEMENT_3D('',#3267,#2639,#2640);
#2263=AXIS2_PLACEMENT_3D('',#3269,#2641,#2642);
#2264=AXIS2_PLACEMENT_3D('',#3270,#2643,#2644);
#2265=AXIS2_PLACEMENT_3D('',#3272,#2645,#2646);
#2266=AXIS2_PLACEMENT_3D('',#3274,#2647,#2648);
#2267=AXIS2_PLACEMENT_3D('',#3275,#2649,#2650);
#2268=AXIS2_PLACEMENT_3D('',#3277,#2651,#2652);
#2269=AXIS2_PLACEMENT_3D('',#3279,#2653,#2654);
#2270=AXIS2_PLACEMENT_3D('',#3280,#2655,#2656);
#2271=AXIS2_PLACEMENT_3D('',#3282,#2657,#2658);
#2272=AXIS2_PLACEMENT_3D('',#3284,#2659,#2660);
#2273=AXIS2_PLACEMENT_3D('',#3285,#2661,#2662);
#2274=AXIS2_PLACEMENT_3D('',#3287,#2663,#2664);
#2275=AXIS2_PLACEMENT_3D('',#3289,#2665,#2666);
#2276=AXIS2_PLACEMENT_3D('',#3290,#2667,#2668);
#2277=AXIS2_PLACEMENT_3D('',#3292,#2669,#2670);
#2278=AXIS2_PLACEMENT_3D('',#3294,#2671,#2672);
#2279=AXIS2_PLACEMENT_3D('',#3295,#2673,#2674);
#2280=AXIS2_PLACEMENT_3D('',#3297,#2675,#2676);
#2281=AXIS2_PLACEMENT_3D('',#3299,#2677,#2678);
#2282=AXIS2_PLACEMENT_3D('',#3300,#2679,#2680);
#2283=AXIS2_PLACEMENT_3D('',#3302,#2681,#2682);
#2284=AXIS2_PLACEMENT_3D('',#3304,#2683,#2684);
#2285=AXIS2_PLACEMENT_3D('',#3305,#2685,#2686);
#2286=AXIS2_PLACEMENT_3D('',#3307,#2687,#2688);
#2287=AXIS2_PLACEMENT_3D('',#3309,#2689,#2690);
#2288=AXIS2_PLACEMENT_3D('',#3310,#2691,#2692);
#2289=AXIS2_PLACEMENT_3D('',#3312,#2693,#2694);
#2290=AXIS2_PLACEMENT_3D('',#3314,#2695,#2696);
#2291=AXIS2_PLACEMENT_3D('',#3315,#2697,#2698);
#2292=AXIS2_PLACEMENT_3D('',#3317,#2699,#2700);
#2293=AXIS2_PLACEMENT_3D('',#3319,#2701,#2702);
#2294=AXIS2_PLACEMENT_3D('',#3320,#2703,#2704);
#2295=AXIS2_PLACEMENT_3D('',#3322,#2705,#2706);
#2296=AXIS2_PLACEMENT_3D('',#3324,#2707,#2708);
#2297=AXIS2_PLACEMENT_3D('',#3325,#2709,#2710);
#2298=AXIS2_PLACEMENT_3D('',#3327,#2711,#2712);
#2299=AXIS2_PLACEMENT_3D('',#3329,#2713,#2714);
#2300=AXIS2_PLACEMENT_3D('',#3330,#2715,#2716);
#2301=AXIS2_PLACEMENT_3D('',#3332,#2717,#2718);
#2302=AXIS2_PLACEMENT_3D('',#3334,#2719,#2720);
#2303=AXIS2_PLACEMENT_3D('',#3335,#2721,#2722);
#2304=AXIS2_PLACEMENT_3D('',#3337,#2723,#2724);
#2305=AXIS2_PLACEMENT_3D('',#3339,#2725,#2726);
#2306=AXIS2_PLACEMENT_3D('',#3340,#2727,#2728);
#2307=AXIS2_PLACEMENT_3D('',#3342,#2729,#2730);
#2308=AXIS2_PLACEMENT_3D('',#3344,#2731,#2732);
#2309=AXIS2_PLACEMENT_3D('',#3345,#2733,#2734);
#2310=AXIS2_PLACEMENT_3D('',#3347,#2735,#2736);
#2311=AXIS2_PLACEMENT_3D('',#3349,#2737,#2738);
#2312=AXIS2_PLACEMENT_3D('',#3350,#2739,#2740);
#2313=AXIS2_PLACEMENT_3D('',#3352,#2741,#2742);
#2314=AXIS2_PLACEMENT_3D('',#3354,#2743,#2744);
#2315=AXIS2_PLACEMENT_3D('',#3355,#2745,#2746);
#2316=AXIS2_PLACEMENT_3D('',#3357,#2747,#2748);
#2317=AXIS2_PLACEMENT_3D('',#3359,#2749,#2750);
#2318=AXIS2_PLACEMENT_3D('',#3360,#2751,#2752);
#2319=AXIS2_PLACEMENT_3D('',#3362,#2753,#2754);
#2320=AXIS2_PLACEMENT_3D('',#3364,#2755,#2756);
#2321=AXIS2_PLACEMENT_3D('',#3365,#2757,#2758);
#2322=AXIS2_PLACEMENT_3D('',#3367,#2759,#2760);
#2323=AXIS2_PLACEMENT_3D('',#3369,#2761,#2762);
#2324=AXIS2_PLACEMENT_3D('',#3370,#2763,#2764);
#2325=AXIS2_PLACEMENT_3D('',#3372,#2765,#2766);
#2326=AXIS2_PLACEMENT_3D('',#3374,#2767,#2768);
#2327=AXIS2_PLACEMENT_3D('',#3375,#2769,#2770);
#2328=AXIS2_PLACEMENT_3D('',#3377,#2771,#2772);
#2329=AXIS2_PLACEMENT_3D('',#3379,#2773,#2774);
#2330=AXIS2_PLACEMENT_3D('',#3380,#2775,#2776);
#2331=AXIS2_PLACEMENT_3D('',#3382,#2777,#2778);
#2332=AXIS2_PLACEMENT_3D('',#3384,#2779,#2780);
#2333=AXIS2_PLACEMENT_3D('',#3385,#2781,#2782);
#2334=AXIS2_PLACEMENT_3D('',#3387,#2783,#2784);
#2335=AXIS2_PLACEMENT_3D('',#3389,#2785,#2786);
#2336=AXIS2_PLACEMENT_3D('',#3390,#2787,#2788);
#2337=AXIS2_PLACEMENT_3D('',#3392,#2789,#2790);
#2338=AXIS2_PLACEMENT_3D('',#3394,#2791,#2792);
#2339=AXIS2_PLACEMENT_3D('',#3395,#2793,#2794);
#2340=AXIS2_PLACEMENT_3D('',#3397,#2795,#2796);
#2341=AXIS2_PLACEMENT_3D('',#3399,#2797,#2798);
#2342=AXIS2_PLACEMENT_3D('',#3400,#2799,#2800);
#2343=AXIS2_PLACEMENT_3D('',#3402,#2801,#2802);
#2344=AXIS2_PLACEMENT_3D('',#3404,#2803,#2804);
#2345=AXIS2_PLACEMENT_3D('',#3405,#2805,#2806);
#2346=AXIS2_PLACEMENT_3D('',#3407,#2807,#2808);
#2347=AXIS2_PLACEMENT_3D('',#3409,#2809,#2810);
#2348=AXIS2_PLACEMENT_3D('',#3410,#2811,#2812);
#2349=AXIS2_PLACEMENT_3D('',#3412,#2813,#2814);
#2350=AXIS2_PLACEMENT_3D('',#3414,#2815,#2816);
#2351=AXIS2_PLACEMENT_3D('',#3415,#2817,#2818);
#2352=AXIS2_PLACEMENT_3D('',#3417,#2819,#2820);
#2353=AXIS2_PLACEMENT_3D('',#3419,#2821,#2822);
#2354=AXIS2_PLACEMENT_3D('',#3420,#2823,#2824);
#2355=AXIS2_PLACEMENT_3D('',#3422,#2825,#2826);
#2356=AXIS2_PLACEMENT_3D('',#3424,#2827,#2828);
#2357=AXIS2_PLACEMENT_3D('',#3425,#2829,#2830);
#2358=AXIS2_PLACEMENT_3D('',#3427,#2831,#2832);
#2359=AXIS2_PLACEMENT_3D('',#3429,#2833,#2834);
#2360=AXIS2_PLACEMENT_3D('',#3430,#2835,#2836);
#2361=AXIS2_PLACEMENT_3D('',#3432,#2837,#2838);
#2362=AXIS2_PLACEMENT_3D('',#3434,#2839,#2840);
#2363=AXIS2_PLACEMENT_3D('',#3435,#2841,#2842);
#2364=AXIS2_PLACEMENT_3D('',#3437,#2843,#2844);
#2365=AXIS2_PLACEMENT_3D('',#3439,#2845,#2846);
#2366=AXIS2_PLACEMENT_3D('',#3440,#2847,#2848);
#2367=AXIS2_PLACEMENT_3D('',#3442,#2849,#2850);
#2368=AXIS2_PLACEMENT_3D('',#3444,#2851,#2852);
#2369=AXIS2_PLACEMENT_3D('',#3445,#2853,#2854);
#2370=AXIS2_PLACEMENT_3D('',#3447,#2855,#2856);
#2371=AXIS2_PLACEMENT_3D('',#3449,#2857,#2858);
#2372=AXIS2_PLACEMENT_3D('',#3450,#2859,#2860);
#2373=AXIS2_PLACEMENT_3D('',#3452,#2861,#2862);
#2374=AXIS2_PLACEMENT_3D('',#3454,#2863,#2864);
#2375=AXIS2_PLACEMENT_3D('',#3455,#2865,#2866);
#2376=AXIS2_PLACEMENT_3D('',#3457,#2867,#2868);
#2377=AXIS2_PLACEMENT_3D('',#3459,#2869,#2870);
#2378=AXIS2_PLACEMENT_3D('',#3460,#2871,#2872);
#2379=AXIS2_PLACEMENT_3D('',#3462,#2873,#2874);
#2380=AXIS2_PLACEMENT_3D('',#3464,#2875,#2876);
#2381=AXIS2_PLACEMENT_3D('',#3465,#2877,#2878);
#2382=AXIS2_PLACEMENT_3D('',#3467,#2879,#2880);
#2383=AXIS2_PLACEMENT_3D('',#3469,#2881,#2882);
#2384=AXIS2_PLACEMENT_3D('',#3470,#2883,#2884);
#2385=AXIS2_PLACEMENT_3D('',#3472,#2885,#2886);
#2386=AXIS2_PLACEMENT_3D('',#3474,#2887,#2888);
#2387=AXIS2_PLACEMENT_3D('',#3475,#2889,#2890);
#2388=AXIS2_PLACEMENT_3D('',#3477,#2891,#2892);
#2389=AXIS2_PLACEMENT_3D('',#3479,#2893,#2894);
#2390=AXIS2_PLACEMENT_3D('',#3480,#2895,#2896);
#2391=AXIS2_PLACEMENT_3D('',#3482,#2897,#2898);
#2392=AXIS2_PLACEMENT_3D('',#3484,#2899,#2900);
#2393=AXIS2_PLACEMENT_3D('',#3485,#2901,#2902);
#2394=AXIS2_PLACEMENT_3D('',#3487,#2903,#2904);
#2395=AXIS2_PLACEMENT_3D('',#3489,#2905,#2906);
#2396=AXIS2_PLACEMENT_3D('',#3490,#2907,#2908);
#2397=AXIS2_PLACEMENT_3D('',#3492,#2909,#2910);
#2398=AXIS2_PLACEMENT_3D('',#3494,#2911,#2912);
#2399=AXIS2_PLACEMENT_3D('',#3495,#2913,#2914);
#2400=AXIS2_PLACEMENT_3D('',#3497,#2915,#2916);
#2401=AXIS2_PLACEMENT_3D('',#3499,#2917,#2918);
#2402=AXIS2_PLACEMENT_3D('',#3500,#2919,#2920);
#2403=AXIS2_PLACEMENT_3D('',#3502,#2921,#2922);
#2404=AXIS2_PLACEMENT_3D('',#3504,#2923,#2924);
#2405=AXIS2_PLACEMENT_3D('',#3505,#2925,#2926);
#2406=AXIS2_PLACEMENT_3D('',#3507,#2927,#2928);
#2407=AXIS2_PLACEMENT_3D('',#3509,#2929,#2930);
#2408=AXIS2_PLACEMENT_3D('',#3510,#2931,#2932);
#2409=AXIS2_PLACEMENT_3D('',#3512,#2933,#2934);
#2410=AXIS2_PLACEMENT_3D('',#3514,#2935,#2936);
#2411=AXIS2_PLACEMENT_3D('',#3515,#2937,#2938);
#2412=AXIS2_PLACEMENT_3D('',#3517,#2939,#2940);
#2413=AXIS2_PLACEMENT_3D('',#3519,#2941,#2942);
#2414=AXIS2_PLACEMENT_3D('',#3520,#2943,#2944);
#2415=AXIS2_PLACEMENT_3D('',#3522,#2945,#2946);
#2416=AXIS2_PLACEMENT_3D('',#3524,#2947,#2948);
#2417=AXIS2_PLACEMENT_3D('',#3525,#2949,#2950);
#2418=AXIS2_PLACEMENT_3D('',#3527,#2951,#2952);
#2419=AXIS2_PLACEMENT_3D('',#3529,#2953,#2954);
#2420=AXIS2_PLACEMENT_3D('',#3530,#2955,#2956);
#2421=AXIS2_PLACEMENT_3D('',#3532,#2957,#2958);
#2422=AXIS2_PLACEMENT_3D('',#3534,#2959,#2960);
#2423=AXIS2_PLACEMENT_3D('',#3535,#2961,#2962);
#2424=AXIS2_PLACEMENT_3D('',#3537,#2963,#2964);
#2425=AXIS2_PLACEMENT_3D('',#3539,#2965,#2966);
#2426=AXIS2_PLACEMENT_3D('',#3540,#2967,#2968);
#2427=AXIS2_PLACEMENT_3D('',#3542,#2969,#2970);
#2428=AXIS2_PLACEMENT_3D('',#3544,#2971,#2972);
#2429=AXIS2_PLACEMENT_3D('',#3545,#2973,#2974);
#2430=AXIS2_PLACEMENT_3D('',#3547,#2975,#2976);
#2431=AXIS2_PLACEMENT_3D('',#3549,#2977,#2978);
#2432=AXIS2_PLACEMENT_3D('',#3550,#2979,#2980);
#2433=AXIS2_PLACEMENT_3D('',#3552,#2981,#2982);
#2434=AXIS2_PLACEMENT_3D('',#3554,#2983,#2984);
#2435=AXIS2_PLACEMENT_3D('',#3555,#2985,#2986);
#2436=AXIS2_PLACEMENT_3D('',#3557,#2987,#2988);
#2437=AXIS2_PLACEMENT_3D('',#3559,#2989,#2990);
#2438=AXIS2_PLACEMENT_3D('',#3560,#2991,#2992);
#2439=AXIS2_PLACEMENT_3D('',#3562,#2993,#2994);
#2440=AXIS2_PLACEMENT_3D('',#3564,#2995,#2996);
#2441=AXIS2_PLACEMENT_3D('',#3565,#2997,#2998);
#2442=AXIS2_PLACEMENT_3D('',#3567,#2999,#3000);
#2443=AXIS2_PLACEMENT_3D('',#3569,#3001,#3002);
#2444=AXIS2_PLACEMENT_3D('',#3570,#3003,#3004);
#2445=AXIS2_PLACEMENT_3D('',#3572,#3005,#3006);
#2446=AXIS2_PLACEMENT_3D('',#3574,#3007,#3008);
#2447=AXIS2_PLACEMENT_3D('',#3575,#3009,#3010);
#2448=AXIS2_PLACEMENT_3D('',#3577,#3011,#3012);
#2449=AXIS2_PLACEMENT_3D('',#3579,#3013,#3014);
#2450=AXIS2_PLACEMENT_3D('',#3580,#3015,#3016);
#2451=AXIS2_PLACEMENT_3D('',#3585,#3018,#3019);
#2452=AXIS2_PLACEMENT_3D('',#3589,#3021,#3022);
#2453=AXIS2_PLACEMENT_3D('',#3593,#3024,#3025);
#2454=AXIS2_PLACEMENT_3D('',#3597,#3027,#3028);
#2455=AXIS2_PLACEMENT_3D('',#3601,#3030,#3031);
#2456=AXIS2_PLACEMENT_3D('',#3604,#3033,#3034);
#2457=AXIS2_PLACEMENT_3D('',#3625,#3035,#3036);
#2458=AXIS2_PLACEMENT_3D('',#3626,#3037,#3038);
#2459=AXIS2_PLACEMENT_3D('',#3627,#3039,#3040);
#2460=AXIS2_PLACEMENT_3D('',#3628,#3041,#3042);
#2461=AXIS2_PLACEMENT_3D('',#3630,#3043,#3044);
#2462=AXIS2_PLACEMENT_3D('',#3635,#3046,#3047);
#2463=AXIS2_PLACEMENT_3D('',#3639,#3049,#3050);
#2464=AXIS2_PLACEMENT_3D('',#3641,#3051,#3052);
#2465=AXIS2_PLACEMENT_3D('',#3643,#3053,#3054);
#2466=AXIS2_PLACEMENT_3D('',#3645,#3055,#3056);
#2467=AXIS2_PLACEMENT_3D('',#3646,#3057,#3058);
#2468=AXIS2_PLACEMENT_3D('',#3647,#3059,#3060);
#2469=AXIS2_PLACEMENT_3D('',#3655,#3064,#3065);
#2470=AXIS2_PLACEMENT_3D('',#3656,#3066,#3067);
#2471=AXIS2_PLACEMENT_3D('',#3661,#3069,#3070);
#2472=AXIS2_PLACEMENT_3D('',#3664,#3072,#3073);
#2473=AXIS2_PLACEMENT_3D('',#3673,#3075,#3076);
#2474=AXIS2_PLACEMENT_3D('',#3682,#3078,#3079);
#2475=AXIS2_PLACEMENT_3D('',#3683,#3080,#3081);
#2476=AXIS2_PLACEMENT_3D('',#3684,#3082,#3083);
#2477=AXIS2_PLACEMENT_3D('',#3686,#3084,#3085);
#2478=AXIS2_PLACEMENT_3D('',#3688,#3086,#3087);
#2479=AXIS2_PLACEMENT_3D('',#3690,#3089,#3090);
#2480=AXIS2_PLACEMENT_3D('',#3711,#3091,#3092);
#2481=AXIS2_PLACEMENT_3D('',#3732,#3097,#3098);
#2482=AXIS2_PLACEMENT_3D('',#3737,#3099,#3100);
#2483=AXIS2_PLACEMENT_3D('',#3742,#3101,#3102);
#2484=AXIS2_PLACEMENT_3D('',#3749,#3103,#3104);
#2485=AXIS2_PLACEMENT_3D('',#3756,#3105,#3106);
#2486=AXIS2_PLACEMENT_3D('',#3757,#3107,#3108);
#2487=AXIS2_PLACEMENT_3D('',#3758,#3109,#3110);
#2488=AXIS2_PLACEMENT_3D('',#3759,#3111,#3112);
#2489=AXIS2_PLACEMENT_3D('',#3760,#3113,#3114);
#2490=AXIS2_PLACEMENT_3D('',#3766,#3115,#3116);
#2491=AXIS2_PLACEMENT_3D('',#3772,#3117,#3118);
#2492=AXIS2_PLACEMENT_3D('',#3773,#3119,#3120);
#2493=AXIS2_PLACEMENT_3D('',#3774,#3121,#3122);
#2494=AXIS2_PLACEMENT_3D('',#3810,#3123,#3124);
#2495=AXIS2_PLACEMENT_3D('',#3826,#3125,#3126);
#2496=AXIS2_PLACEMENT_3D('',#3827,#3127,#3128);
#2497=AXIS2_PLACEMENT_3D('',#3828,#3129,#3130);
#2498=AXIS2_PLACEMENT_3D('',#3829,#3131,#3132);
#2499=AXIS2_PLACEMENT_3D('',#3845,#3133,#3134);
#2500=AXIS2_PLACEMENT_3D('',#3861,#3135,#3136);
#2501=AXIS2_PLACEMENT_3D('',#3862,#3137,#3138);
#2502=AXIS2_PLACEMENT_3D('',#3863,#3139,#3140);
#2503=AXIS2_PLACEMENT_3D('',#3864,#3141,#3142);
#2504=AXIS2_PLACEMENT_3D('',#3865,#3143,#3144);
#2505=AXIS2_PLACEMENT_3D('',#3867,#3146,#3147);
#2506=AXIS2_PLACEMENT_3D('',#3869,#3149,#3150);
#2507=AXIS2_PLACEMENT_3D('',#3870,#3151,#3152);
#2508=AXIS2_PLACEMENT_3D('',#3871,#3153,#3154);
#2509=AXIS2_PLACEMENT_3D('',#3872,#3155,#3156);
#2510=AXIS2_PLACEMENT_3D('',#3873,#3157,#3158);
#2511=AXIS2_PLACEMENT_3D('',#3874,#3159,#3160);
#2512=AXIS2_PLACEMENT_3D('',#3875,#3161,#3162);
#2513=DIRECTION('',(0.,0.,1.));
#2514=DIRECTION('',(1.,0.,0.));
#2515=DIRECTION('',(0.,0.,1.));
#2516=DIRECTION('',(1.,0.,0.));
#2517=DIRECTION('',(0.,0.,1.));
#2518=DIRECTION('',(1.,0.,0.));
#2519=DIRECTION('',(0.,0.,1.));
#2520=DIRECTION('',(1.,0.,0.));
#2521=DIRECTION('',(0.,0.,1.));
#2522=DIRECTION('',(1.,0.,0.));
#2523=DIRECTION('',(0.,0.,1.));
#2524=DIRECTION('',(1.,0.,0.));
#2525=DIRECTION('',(0.,0.,1.));
#2526=DIRECTION('',(1.,0.,0.));
#2527=DIRECTION('',(0.,0.,1.));
#2528=DIRECTION('',(1.,0.,0.));
#2529=DIRECTION('',(0.,0.,1.));
#2530=DIRECTION('',(1.,0.,0.));
#2531=DIRECTION('',(0.,0.,1.));
#2532=DIRECTION('',(1.,0.,0.));
#2533=DIRECTION('',(0.,0.,1.));
#2534=DIRECTION('',(1.,0.,0.));
#2535=DIRECTION('',(0.,0.,1.));
#2536=DIRECTION('',(1.,0.,0.));
#2537=DIRECTION('',(0.,0.,1.));
#2538=DIRECTION('',(1.,0.,0.));
#2539=DIRECTION('',(0.,0.,1.));
#2540=DIRECTION('',(1.,0.,0.));
#2541=DIRECTION('',(0.,0.,1.));
#2542=DIRECTION('',(1.,0.,0.));
#2543=DIRECTION('',(0.,0.,1.));
#2544=DIRECTION('',(1.,0.,0.));
#2545=DIRECTION('',(0.,0.,1.));
#2546=DIRECTION('',(1.,0.,0.));
#2547=DIRECTION('',(0.,0.,1.));
#2548=DIRECTION('',(1.,0.,0.));
#2549=DIRECTION('',(0.,0.,1.));
#2550=DIRECTION('',(1.,0.,0.));
#2551=DIRECTION('',(0.,0.,1.));
#2552=DIRECTION('',(1.,0.,0.));
#2553=DIRECTION('',(0.,0.,1.));
#2554=DIRECTION('',(1.,0.,0.));
#2555=DIRECTION('',(0.,0.,1.));
#2556=DIRECTION('',(1.,0.,0.));
#2557=DIRECTION('',(0.,0.,1.));
#2558=DIRECTION('',(1.,0.,0.));
#2559=DIRECTION('',(0.,0.,1.));
#2560=DIRECTION('',(1.,0.,0.));
#2561=DIRECTION('',(0.,0.,1.));
#2562=DIRECTION('',(1.,0.,0.));
#2563=DIRECTION('',(0.,0.,1.));
#2564=DIRECTION('',(1.,0.,0.));
#2565=DIRECTION('',(0.,0.,1.));
#2566=DIRECTION('',(1.,0.,0.));
#2567=DIRECTION('',(0.,0.,1.));
#2568=DIRECTION('',(1.,0.,0.));
#2569=DIRECTION('',(0.,0.,1.));
#2570=DIRECTION('',(1.,0.,0.));
#2571=DIRECTION('',(0.,0.,1.));
#2572=DIRECTION('',(1.,0.,0.));
#2573=DIRECTION('',(0.,0.,1.));
#2574=DIRECTION('',(1.,0.,0.));
#2575=DIRECTION('',(0.,0.,1.));
#2576=DIRECTION('',(1.,0.,0.));
#2577=DIRECTION('',(0.,0.,1.));
#2578=DIRECTION('',(1.,0.,0.));
#2579=DIRECTION('',(0.,0.,1.));
#2580=DIRECTION('',(1.,0.,0.));
#2581=DIRECTION('',(0.,0.,1.));
#2582=DIRECTION('',(1.,0.,0.));
#2583=DIRECTION('',(0.,0.,1.));
#2584=DIRECTION('',(1.,0.,0.));
#2585=DIRECTION('',(0.,0.,1.));
#2586=DIRECTION('',(1.,0.,0.));
#2587=DIRECTION('',(0.,0.,1.));
#2588=DIRECTION('',(1.,0.,0.));
#2589=DIRECTION('',(0.,0.,1.));
#2590=DIRECTION('',(1.,0.,0.));
#2591=DIRECTION('',(0.,0.,1.));
#2592=DIRECTION('',(1.,0.,0.));
#2593=DIRECTION('',(0.,0.,1.));
#2594=DIRECTION('',(1.,0.,0.));
#2595=DIRECTION('',(0.,0.,1.));
#2596=DIRECTION('',(1.,0.,0.));
#2597=DIRECTION('',(0.,0.,1.));
#2598=DIRECTION('',(1.,0.,0.));
#2599=DIRECTION('',(0.,0.,1.));
#2600=DIRECTION('',(1.,0.,0.));
#2601=DIRECTION('',(0.,0.,1.));
#2602=DIRECTION('',(1.,0.,0.));
#2603=DIRECTION('',(0.,0.,1.));
#2604=DIRECTION('',(1.,0.,0.));
#2605=DIRECTION('',(0.,0.,1.));
#2606=DIRECTION('',(1.,0.,0.));
#2607=DIRECTION('',(0.,0.,1.));
#2608=DIRECTION('',(1.,0.,0.));
#2609=DIRECTION('',(0.,0.,1.));
#2610=DIRECTION('',(1.,0.,0.));
#2611=DIRECTION('',(0.,0.,1.));
#2612=DIRECTION('',(1.,0.,0.));
#2613=DIRECTION('',(0.,0.,1.));
#2614=DIRECTION('',(1.,0.,0.));
#2615=DIRECTION('',(0.,0.,1.));
#2616=DIRECTION('',(1.,0.,0.));
#2617=DIRECTION('',(0.,0.,1.));
#2618=DIRECTION('',(1.,0.,0.));
#2619=DIRECTION('',(0.,0.,1.));
#2620=DIRECTION('',(1.,0.,0.));
#2621=DIRECTION('',(0.,0.,1.));
#2622=DIRECTION('',(1.,0.,0.));
#2623=DIRECTION('',(0.,0.,1.));
#2624=DIRECTION('',(1.,0.,0.));
#2625=DIRECTION('',(0.,0.,1.));
#2626=DIRECTION('',(1.,0.,0.));
#2627=DIRECTION('',(0.,0.,1.));
#2628=DIRECTION('',(1.,0.,0.));
#2629=DIRECTION('',(0.,0.,1.));
#2630=DIRECTION('',(1.,0.,0.));
#2631=DIRECTION('',(0.,0.,1.));
#2632=DIRECTION('',(1.,0.,0.));
#2633=DIRECTION('',(0.,0.,1.));
#2634=DIRECTION('',(1.,0.,0.));
#2635=DIRECTION('',(0.,0.,1.));
#2636=DIRECTION('',(1.,0.,0.));
#2637=DIRECTION('',(0.,0.,1.));
#2638=DIRECTION('',(1.,0.,0.));
#2639=DIRECTION('',(0.,0.,1.));
#2640=DIRECTION('',(1.,0.,0.));
#2641=DIRECTION('',(0.,0.,1.));
#2642=DIRECTION('',(1.,0.,0.));
#2643=DIRECTION('',(0.,0.,1.));
#2644=DIRECTION('',(1.,0.,0.));
#2645=DIRECTION('',(0.,0.,1.));
#2646=DIRECTION('',(1.,0.,0.));
#2647=DIRECTION('',(0.,0.,1.));
#2648=DIRECTION('',(1.,0.,0.));
#2649=DIRECTION('',(0.,0.,1.));
#2650=DIRECTION('',(1.,0.,0.));
#2651=DIRECTION('',(0.,0.,1.));
#2652=DIRECTION('',(1.,0.,0.));
#2653=DIRECTION('',(0.,0.,1.));
#2654=DIRECTION('',(1.,0.,0.));
#2655=DIRECTION('',(0.,0.,1.));
#2656=DIRECTION('',(1.,0.,0.));
#2657=DIRECTION('',(0.,0.,1.));
#2658=DIRECTION('',(1.,0.,0.));
#2659=DIRECTION('',(0.,0.,1.));
#2660=DIRECTION('',(1.,0.,0.));
#2661=DIRECTION('',(0.,0.,1.));
#2662=DIRECTION('',(1.,0.,0.));
#2663=DIRECTION('',(0.,0.,1.));
#2664=DIRECTION('',(1.,0.,0.));
#2665=DIRECTION('',(0.,0.,1.));
#2666=DIRECTION('',(1.,0.,0.));
#2667=DIRECTION('',(0.,0.,1.));
#2668=DIRECTION('',(1.,0.,0.));
#2669=DIRECTION('',(0.,0.,1.));
#2670=DIRECTION('',(1.,0.,0.));
#2671=DIRECTION('',(0.,0.,1.));
#2672=DIRECTION('',(1.,0.,0.));
#2673=DIRECTION('',(0.,0.,1.));
#2674=DIRECTION('',(1.,0.,0.));
#2675=DIRECTION('',(0.,0.,1.));
#2676=DIRECTION('',(1.,0.,0.));
#2677=DIRECTION('',(0.,0.,1.));
#2678=DIRECTION('',(1.,0.,0.));
#2679=DIRECTION('',(0.,0.,1.));
#2680=DIRECTION('',(1.,0.,0.));
#2681=DIRECTION('',(0.,0.,1.));
#2682=DIRECTION('',(1.,0.,0.));
#2683=DIRECTION('',(0.,0.,1.));
#2684=DIRECTION('',(1.,0.,0.));
#2685=DIRECTION('',(0.,0.,1.));
#2686=DIRECTION('',(1.,0.,0.));
#2687=DIRECTION('',(0.,0.,1.));
#2688=DIRECTION('',(1.,0.,0.));
#2689=DIRECTION('',(0.,0.,1.));
#2690=DIRECTION('',(1.,0.,0.));
#2691=DIRECTION('',(0.,0.,1.));
#2692=DIRECTION('',(1.,0.,0.));
#2693=DIRECTION('',(0.,0.,1.));
#2694=DIRECTION('',(1.,0.,0.));
#2695=DIRECTION('',(0.,0.,1.));
#2696=DIRECTION('',(1.,0.,0.));
#2697=DIRECTION('',(0.,0.,1.));
#2698=DIRECTION('',(1.,0.,0.));
#2699=DIRECTION('',(0.,0.,1.));
#2700=DIRECTION('',(1.,0.,0.));
#2701=DIRECTION('',(0.,0.,1.));
#2702=DIRECTION('',(1.,0.,0.));
#2703=DIRECTION('',(0.,0.,1.));
#2704=DIRECTION('',(1.,0.,0.));
#2705=DIRECTION('',(0.,0.,1.));
#2706=DIRECTION('',(1.,0.,0.));
#2707=DIRECTION('',(0.,0.,1.));
#2708=DIRECTION('',(1.,0.,0.));
#2709=DIRECTION('',(0.,0.,1.));
#2710=DIRECTION('',(1.,0.,0.));
#2711=DIRECTION('',(0.,0.,1.));
#2712=DIRECTION('',(1.,0.,0.));
#2713=DIRECTION('',(0.,0.,1.));
#2714=DIRECTION('',(1.,0.,0.));
#2715=DIRECTION('',(0.,0.,1.));
#2716=DIRECTION('',(1.,0.,0.));
#2717=DIRECTION('',(0.,0.,1.));
#2718=DIRECTION('',(1.,0.,0.));
#2719=DIRECTION('',(0.,0.,1.));
#2720=DIRECTION('',(1.,0.,0.));
#2721=DIRECTION('',(0.,0.,1.));
#2722=DIRECTION('',(1.,0.,0.));
#2723=DIRECTION('',(0.,0.,1.));
#2724=DIRECTION('',(1.,0.,0.));
#2725=DIRECTION('',(0.,0.,1.));
#2726=DIRECTION('',(1.,0.,0.));
#2727=DIRECTION('',(0.,0.,1.));
#2728=DIRECTION('',(1.,0.,0.));
#2729=DIRECTION('',(0.,0.,1.));
#2730=DIRECTION('',(1.,0.,0.));
#2731=DIRECTION('',(0.,0.,1.));
#2732=DIRECTION('',(1.,0.,0.));
#2733=DIRECTION('',(0.,0.,1.));
#2734=DIRECTION('',(1.,0.,0.));
#2735=DIRECTION('',(0.,0.,1.));
#2736=DIRECTION('',(1.,0.,0.));
#2737=DIRECTION('',(0.,0.,1.));
#2738=DIRECTION('',(1.,0.,0.));
#2739=DIRECTION('',(0.,0.,1.));
#2740=DIRECTION('',(1.,0.,0.));
#2741=DIRECTION('',(0.,0.,1.));
#2742=DIRECTION('',(1.,0.,0.));
#2743=DIRECTION('',(0.,0.,1.));
#2744=DIRECTION('',(1.,0.,0.));
#2745=DIRECTION('',(0.,0.,1.));
#2746=DIRECTION('',(1.,0.,0.));
#2747=DIRECTION('',(0.,0.,1.));
#2748=DIRECTION('',(1.,0.,0.));
#2749=DIRECTION('',(0.,0.,1.));
#2750=DIRECTION('',(1.,0.,0.));
#2751=DIRECTION('',(0.,0.,1.));
#2752=DIRECTION('',(1.,0.,0.));
#2753=DIRECTION('',(0.,0.,1.));
#2754=DIRECTION('',(1.,0.,0.));
#2755=DIRECTION('',(0.,0.,1.));
#2756=DIRECTION('',(1.,0.,0.));
#2757=DIRECTION('',(0.,0.,1.));
#2758=DIRECTION('',(1.,0.,0.));
#2759=DIRECTION('',(0.,0.,1.));
#2760=DIRECTION('',(1.,0.,0.));
#2761=DIRECTION('',(0.,0.,1.));
#2762=DIRECTION('',(1.,0.,0.));
#2763=DIRECTION('',(0.,0.,1.));
#2764=DIRECTION('',(1.,0.,0.));
#2765=DIRECTION('',(0.,0.,1.));
#2766=DIRECTION('',(1.,0.,0.));
#2767=DIRECTION('',(0.,0.,1.));
#2768=DIRECTION('',(1.,0.,0.));
#2769=DIRECTION('',(0.,0.,1.));
#2770=DIRECTION('',(1.,0.,0.));
#2771=DIRECTION('',(0.,0.,1.));
#2772=DIRECTION('',(1.,0.,0.));
#2773=DIRECTION('',(0.,0.,1.));
#2774=DIRECTION('',(1.,0.,0.));
#2775=DIRECTION('',(0.,0.,1.));
#2776=DIRECTION('',(1.,0.,0.));
#2777=DIRECTION('',(0.,0.,1.));
#2778=DIRECTION('',(1.,0.,0.));
#2779=DIRECTION('',(0.,0.,1.));
#2780=DIRECTION('',(1.,0.,0.));
#2781=DIRECTION('',(0.,0.,1.));
#2782=DIRECTION('',(1.,0.,0.));
#2783=DIRECTION('',(0.,0.,1.));
#2784=DIRECTION('',(1.,0.,0.));
#2785=DIRECTION('',(0.,0.,1.));
#2786=DIRECTION('',(1.,0.,0.));
#2787=DIRECTION('',(0.,0.,1.));
#2788=DIRECTION('',(1.,0.,0.));
#2789=DIRECTION('',(0.,0.,1.));
#2790=DIRECTION('',(1.,0.,0.));
#2791=DIRECTION('',(0.,0.,1.));
#2792=DIRECTION('',(1.,0.,0.));
#2793=DIRECTION('',(0.,0.,1.));
#2794=DIRECTION('',(1.,0.,0.));
#2795=DIRECTION('',(0.,0.,1.));
#2796=DIRECTION('',(1.,0.,0.));
#2797=DIRECTION('',(0.,0.,1.));
#2798=DIRECTION('',(1.,0.,0.));
#2799=DIRECTION('',(0.,0.,1.));
#2800=DIRECTION('',(1.,0.,0.));
#2801=DIRECTION('',(0.,0.,1.));
#2802=DIRECTION('',(1.,0.,0.));
#2803=DIRECTION('',(0.,0.,1.));
#2804=DIRECTION('',(1.,0.,0.));
#2805=DIRECTION('',(0.,0.,1.));
#2806=DIRECTION('',(1.,0.,0.));
#2807=DIRECTION('',(0.,0.,1.));
#2808=DIRECTION('',(1.,0.,0.));
#2809=DIRECTION('',(0.,0.,1.));
#2810=DIRECTION('',(1.,0.,0.));
#2811=DIRECTION('',(0.,0.,1.));
#2812=DIRECTION('',(1.,0.,0.));
#2813=DIRECTION('',(0.,0.,1.));
#2814=DIRECTION('',(1.,0.,0.));
#2815=DIRECTION('',(0.,0.,1.));
#2816=DIRECTION('',(1.,0.,0.));
#2817=DIRECTION('',(0.,0.,1.));
#2818=DIRECTION('',(1.,0.,0.));
#2819=DIRECTION('',(0.,0.,1.));
#2820=DIRECTION('',(1.,0.,0.));
#2821=DIRECTION('',(0.,0.,1.));
#2822=DIRECTION('',(1.,0.,0.));
#2823=DIRECTION('',(0.,0.,1.));
#2824=DIRECTION('',(1.,0.,0.));
#2825=DIRECTION('',(0.,0.,1.));
#2826=DIRECTION('',(1.,0.,0.));
#2827=DIRECTION('',(0.,0.,1.));
#2828=DIRECTION('',(1.,0.,0.));
#2829=DIRECTION('',(0.,0.,1.));
#2830=DIRECTION('',(1.,0.,0.));
#2831=DIRECTION('',(0.,0.,1.));
#2832=DIRECTION('',(1.,0.,0.));
#2833=DIRECTION('',(0.,0.,1.));
#2834=DIRECTION('',(1.,0.,0.));
#2835=DIRECTION('',(0.,0.,1.));
#2836=DIRECTION('',(1.,0.,0.));
#2837=DIRECTION('',(0.,0.,1.));
#2838=DIRECTION('',(1.,0.,0.));
#2839=DIRECTION('',(0.,0.,1.));
#2840=DIRECTION('',(1.,0.,0.));
#2841=DIRECTION('',(0.,0.,1.));
#2842=DIRECTION('',(1.,0.,0.));
#2843=DIRECTION('',(0.,0.,1.));
#2844=DIRECTION('',(1.,0.,0.));
#2845=DIRECTION('',(0.,0.,1.));
#2846=DIRECTION('',(1.,0.,0.));
#2847=DIRECTION('',(0.,0.,1.));
#2848=DIRECTION('',(1.,0.,0.));
#2849=DIRECTION('',(0.,0.,1.));
#2850=DIRECTION('',(1.,0.,0.));
#2851=DIRECTION('',(0.,0.,1.));
#2852=DIRECTION('',(1.,0.,0.));
#2853=DIRECTION('',(0.,0.,1.));
#2854=DIRECTION('',(1.,0.,0.));
#2855=DIRECTION('',(0.,0.,1.));
#2856=DIRECTION('',(1.,0.,0.));
#2857=DIRECTION('',(0.,0.,1.));
#2858=DIRECTION('',(1.,0.,0.));
#2859=DIRECTION('',(0.,0.,1.));
#2860=DIRECTION('',(1.,0.,0.));
#2861=DIRECTION('',(0.,0.,1.));
#2862=DIRECTION('',(1.,0.,0.));
#2863=DIRECTION('',(0.,0.,1.));
#2864=DIRECTION('',(1.,0.,0.));
#2865=DIRECTION('',(0.,0.,1.));
#2866=DIRECTION('',(1.,0.,0.));
#2867=DIRECTION('',(0.,0.,1.));
#2868=DIRECTION('',(1.,0.,0.));
#2869=DIRECTION('',(0.,0.,1.));
#2870=DIRECTION('',(1.,0.,0.));
#2871=DIRECTION('',(0.,0.,1.));
#2872=DIRECTION('',(1.,0.,0.));
#2873=DIRECTION('',(0.,0.,1.));
#2874=DIRECTION('',(1.,0.,0.));
#2875=DIRECTION('',(0.,0.,1.));
#2876=DIRECTION('',(1.,0.,0.));
#2877=DIRECTION('',(0.,0.,1.));
#2878=DIRECTION('',(1.,0.,0.));
#2879=DIRECTION('',(0.,0.,1.));
#2880=DIRECTION('',(1.,0.,0.));
#2881=DIRECTION('',(0.,0.,1.));
#2882=DIRECTION('',(1.,0.,0.));
#2883=DIRECTION('',(0.,0.,1.));
#2884=DIRECTION('',(1.,0.,0.));
#2885=DIRECTION('',(0.,0.,1.));
#2886=DIRECTION('',(1.,0.,0.));
#2887=DIRECTION('',(0.,0.,1.));
#2888=DIRECTION('',(1.,0.,0.));
#2889=DIRECTION('',(0.,0.,1.));
#2890=DIRECTION('',(1.,0.,0.));
#2891=DIRECTION('',(0.,0.,1.));
#2892=DIRECTION('',(1.,0.,0.));
#2893=DIRECTION('',(0.,0.,1.));
#2894=DIRECTION('',(1.,0.,0.));
#2895=DIRECTION('',(0.,0.,1.));
#2896=DIRECTION('',(1.,0.,0.));
#2897=DIRECTION('',(0.,0.,1.));
#2898=DIRECTION('',(1.,0.,0.));
#2899=DIRECTION('',(0.,0.,1.));
#2900=DIRECTION('',(1.,0.,0.));
#2901=DIRECTION('',(0.,0.,1.));
#2902=DIRECTION('',(1.,0.,0.));
#2903=DIRECTION('',(0.,0.,1.));
#2904=DIRECTION('',(1.,0.,0.));
#2905=DIRECTION('',(0.,0.,1.));
#2906=DIRECTION('',(1.,0.,0.));
#2907=DIRECTION('',(0.,0.,1.));
#2908=DIRECTION('',(1.,0.,0.));
#2909=DIRECTION('',(0.,0.,1.));
#2910=DIRECTION('',(1.,0.,0.));
#2911=DIRECTION('',(0.,0.,1.));
#2912=DIRECTION('',(1.,0.,0.));
#2913=DIRECTION('',(0.,0.,1.));
#2914=DIRECTION('',(1.,0.,0.));
#2915=DIRECTION('',(0.,0.,1.));
#2916=DIRECTION('',(1.,0.,0.));
#2917=DIRECTION('',(0.,0.,1.));
#2918=DIRECTION('',(1.,0.,0.));
#2919=DIRECTION('',(0.,0.,1.));
#2920=DIRECTION('',(1.,0.,0.));
#2921=DIRECTION('',(0.,0.,1.));
#2922=DIRECTION('',(1.,0.,0.));
#2923=DIRECTION('',(0.,0.,1.));
#2924=DIRECTION('',(1.,0.,0.));
#2925=DIRECTION('',(0.,0.,1.));
#2926=DIRECTION('',(1.,0.,0.));
#2927=DIRECTION('',(0.,0.,1.));
#2928=DIRECTION('',(1.,0.,0.));
#2929=DIRECTION('',(0.,0.,1.));
#2930=DIRECTION('',(1.,0.,0.));
#2931=DIRECTION('',(0.,0.,1.));
#2932=DIRECTION('',(1.,0.,0.));
#2933=DIRECTION('',(0.,0.,1.));
#2934=DIRECTION('',(1.,0.,0.));
#2935=DIRECTION('',(0.,0.,1.));
#2936=DIRECTION('',(1.,0.,0.));
#2937=DIRECTION('',(0.,0.,1.));
#2938=DIRECTION('',(1.,0.,0.));
#2939=DIRECTION('',(0.,0.,1.));
#2940=DIRECTION('',(1.,0.,0.));
#2941=DIRECTION('',(0.,0.,1.));
#2942=DIRECTION('',(1.,0.,0.));
#2943=DIRECTION('',(0.,0.,1.));
#2944=DIRECTION('',(1.,0.,0.));
#2945=DIRECTION('',(0.,0.,1.));
#2946=DIRECTION('',(1.,0.,0.));
#2947=DIRECTION('',(0.,0.,1.));
#2948=DIRECTION('',(1.,0.,0.));
#2949=DIRECTION('',(0.,0.,1.));
#2950=DIRECTION('',(1.,0.,0.));
#2951=DIRECTION('',(0.,0.,1.));
#2952=DIRECTION('',(1.,0.,0.));
#2953=DIRECTION('',(0.,0.,1.));
#2954=DIRECTION('',(1.,0.,0.));
#2955=DIRECTION('',(0.,0.,1.));
#2956=DIRECTION('',(1.,0.,0.));
#2957=DIRECTION('',(0.,0.,1.));
#2958=DIRECTION('',(1.,0.,0.));
#2959=DIRECTION('',(0.,0.,1.));
#2960=DIRECTION('',(1.,0.,0.));
#2961=DIRECTION('',(0.,0.,1.));
#2962=DIRECTION('',(1.,0.,0.));
#2963=DIRECTION('',(0.,0.,1.));
#2964=DIRECTION('',(1.,0.,0.));
#2965=DIRECTION('',(0.,0.,1.));
#2966=DIRECTION('',(1.,0.,0.));
#2967=DIRECTION('',(0.,0.,1.));
#2968=DIRECTION('',(1.,0.,0.));
#2969=DIRECTION('',(0.,0.,1.));
#2970=DIRECTION('',(1.,0.,0.));
#2971=DIRECTION('',(0.,0.,1.));
#2972=DIRECTION('',(1.,0.,0.));
#2973=DIRECTION('',(0.,0.,1.));
#2974=DIRECTION('',(1.,0.,0.));
#2975=DIRECTION('',(0.,0.,1.));
#2976=DIRECTION('',(1.,0.,0.));
#2977=DIRECTION('',(0.,0.,1.));
#2978=DIRECTION('',(1.,0.,0.));
#2979=DIRECTION('',(0.,0.,1.));
#2980=DIRECTION('',(1.,0.,0.));
#2981=DIRECTION('',(0.,0.,1.));
#2982=DIRECTION('',(1.,0.,0.));
#2983=DIRECTION('',(0.,0.,1.));
#2984=DIRECTION('',(1.,0.,0.));
#2985=DIRECTION('',(0.,0.,1.));
#2986=DIRECTION('',(1.,0.,0.));
#2987=DIRECTION('',(0.,0.,1.));
#2988=DIRECTION('',(1.,0.,0.));
#2989=DIRECTION('',(0.,0.,1.));
#2990=DIRECTION('',(1.,0.,0.));
#2991=DIRECTION('',(0.,0.,1.));
#2992=DIRECTION('',(1.,0.,0.));
#2993=DIRECTION('',(0.,0.,1.));
#2994=DIRECTION('',(1.,0.,0.));
#2995=DIRECTION('',(0.,0.,1.));
#2996=DIRECTION('',(1.,0.,0.));
#2997=DIRECTION('',(0.,0.,1.));
#2998=DIRECTION('',(1.,0.,0.));
#2999=DIRECTION('',(0.,0.,1.));
#3000=DIRECTION('',(1.,0.,0.));
#3001=DIRECTION('',(0.,0.,1.));
#3002=DIRECTION('',(1.,0.,0.));
#3003=DIRECTION('',(0.,0.,1.));
#3004=DIRECTION('',(1.,0.,0.));
#3005=DIRECTION('',(0.,0.,1.));
#3006=DIRECTION('',(1.,0.,0.));
#3007=DIRECTION('',(0.,0.,1.));
#3008=DIRECTION('',(1.,0.,0.));
#3009=DIRECTION('',(0.,0.,1.));
#3010=DIRECTION('',(1.,0.,0.));
#3011=DIRECTION('',(0.,0.,1.));
#3012=DIRECTION('',(1.,0.,0.));
#3013=DIRECTION('',(0.,0.,-1.));
#3014=DIRECTION('',(-1.,0.,0.));
#3015=DIRECTION('',(0.,0.,1.));
#3016=DIRECTION('',(1.,0.,0.));
#3017=DIRECTION('',(0.,0.,1.));
#3018=DIRECTION('',(0.,0.,1.));
#3019=DIRECTION('',(1.,0.,0.));
#3020=DIRECTION('',(0.,0.,1.));
#3021=DIRECTION('',(0.,0.,1.));
#3022=DIRECTION('',(1.,0.,0.));
#3023=DIRECTION('',(0.,0.,1.));
#3024=DIRECTION('',(0.,0.,1.));
#3025=DIRECTION('',(1.,0.,0.));
#3026=DIRECTION('',(0.,0.,1.));
#3027=DIRECTION('',(0.,0.,-1.));
#3028=DIRECTION('',(-1.,0.,0.));
#3029=DIRECTION('',(0.,0.,1.));
#3030=DIRECTION('',(0.,0.,1.));
#3031=DIRECTION('',(1.,0.,0.));
#3032=DIRECTION('',(0.,0.,1.));
#3033=DIRECTION('',(0.,0.,1.));
#3034=DIRECTION('',(1.,0.,0.));
#3035=DIRECTION('',(0.,0.,1.));
#3036=DIRECTION('',(1.,0.,0.));
#3037=DIRECTION('',(0.,0.,1.));
#3038=DIRECTION('',(1.,0.,0.));
#3039=DIRECTION('',(0.,0.,1.));
#3040=DIRECTION('',(1.,0.,0.));
#3041=DIRECTION('',(0.,0.,1.));
#3042=DIRECTION('',(1.,0.,0.));
#3043=DIRECTION('',(0.,0.,1.));
#3044=DIRECTION('',(1.,0.,0.));
#3045=DIRECTION('',(-1.,0.,0.));
#3046=DIRECTION('',(0.,0.,1.));
#3047=DIRECTION('',(-0.999956973195727,0.00927640863916098,0.));
#3048=DIRECTION('',(-1.,0.,0.));
#3049=DIRECTION('',(0.,0.,1.));
#3050=DIRECTION('',(1.,0.,0.));
#3051=DIRECTION('',(0.,0.,1.));
#3052=DIRECTION('',(1.,0.,0.));
#3053=DIRECTION('',(0.,0.,1.));
#3054=DIRECTION('',(1.,0.,0.));
#3055=DIRECTION('',(0.,0.,1.));
#3056=DIRECTION('',(1.,0.,0.));
#3057=DIRECTION('',(0.,0.,1.));
#3058=DIRECTION('',(1.,0.,0.));
#3059=DIRECTION('',(0.,0.,1.));
#3060=DIRECTION('',(1.,-6.12323399573677E-17,0.));
#3061=DIRECTION('',(0.,0.,1.));
#3062=DIRECTION('',(1.,0.,0.));
#3063=DIRECTION('',(0.,0.,1.));
#3064=DIRECTION('',(0.,0.,-1.));
#3065=DIRECTION('',(-1.,0.,0.));
#3066=DIRECTION('',(0.,0.,1.));
#3067=DIRECTION('',(1.,0.,0.));
#3068=DIRECTION('',(0.,0.,-1.));
#3069=DIRECTION('',(0.,0.,1.));
#3070=DIRECTION('',(1.,0.,0.));
#3071=DIRECTION('',(0.,0.,-1.));
#3072=DIRECTION('',(0.,0.,1.));
#3073=DIRECTION('',(1.,0.,0.));
#3074=DIRECTION('',(-0.0761590174151078,0.997095684508947,0.));
#3075=DIRECTION('',(0.,0.,1.));
#3076=DIRECTION('',(-0.142899154052,0.989737253906926,0.));
#3077=DIRECTION('',(0.0761590174149928,0.997095684508956,0.));
#3078=DIRECTION('',(0.,0.,1.));
#3079=DIRECTION('',(1.,0.,0.));
#3080=DIRECTION('',(0.,0.,1.));
#3081=DIRECTION('',(1.,0.,0.));
#3082=DIRECTION('',(0.,0.,1.));
#3083=DIRECTION('',(1.,0.,0.));
#3084=DIRECTION('',(0.,0.,1.));
#3085=DIRECTION('',(1.,0.,0.));
#3086=DIRECTION('',(0.,0.,1.));
#3087=DIRECTION('',(1.,0.,0.));
#3088=DIRECTION('',(-1.,0.,0.));
#3089=DIRECTION('',(0.,0.,1.));
#3090=DIRECTION('',(1.,0.,0.));
#3091=DIRECTION('',(0.,0.,1.));
#3092=DIRECTION('',(1.,0.,0.));
#3093=DIRECTION('',(0.,0.,1.));
#3094=DIRECTION('',(0.,0.,1.));
#3095=DIRECTION('',(0.,0.,1.));
#3096=DIRECTION('',(0.,0.,1.));
#3097=DIRECTION('',(0.997095684508947,0.0761590174151078,0.));
#3098=DIRECTION('',(-0.0761590174151078,0.997095684508947,0.));
#3099=DIRECTION('',(0.997095684508956,-0.0761590174149928,0.));
#3100=DIRECTION('',(0.0761590174149928,0.997095684508956,0.));
#3101=DIRECTION('',(0.,0.,1.));
#3102=DIRECTION('',(1.,0.,0.));
#3103=DIRECTION('',(0.,0.,1.));
#3104=DIRECTION('',(1.,0.,0.));
#3105=DIRECTION('',(0.,1.,0.));
#3106=DIRECTION('',(0.,0.,1.));
#3107=DIRECTION('',(0.,0.,1.));
#3108=DIRECTION('',(1.,0.,0.));
#3109=DIRECTION('',(-0.247213997102798,-0.968960907176578,0.));
#3110=DIRECTION('',(0.968960907176578,-0.247213997102798,0.));
#3111=DIRECTION('',(0.247213997102798,-0.968960907176578,0.));
#3112=DIRECTION('',(0.968960907176578,0.247213997102798,0.));
#3113=DIRECTION('',(0.,0.,1.));
#3114=DIRECTION('',(1.,0.,0.));
#3115=DIRECTION('',(0.,0.,1.));
#3116=DIRECTION('',(1.,0.,0.));
#3117=DIRECTION('',(0.978017767392639,-0.208521573618456,0.));
#3118=DIRECTION('',(0.208521573618456,0.978017767392639,0.));
#3119=DIRECTION('',(-0.978017767392639,-0.208521573618456,0.));
#3120=DIRECTION('',(0.208521573618456,-0.978017767392639,0.));
#3121=DIRECTION('',(0.,0.,1.));
#3122=DIRECTION('',(1.,0.,0.));
#3123=DIRECTION('',(-0.0561048892792917,-0.734541291091049,-0.676240588164636));
#3124=DIRECTION('',(0.,0.677307428507127,-0.735700106897548));
#3125=DIRECTION('',(2.19783237832966E-16,-4.68596258021666E-17,-1.));
#3126=DIRECTION('',(-1.,0.,-2.19783237832966E-16));
#3127=DIRECTION('',(0.,0.,-1.));
#3128=DIRECTION('',(-1.,0.,0.));
#3129=DIRECTION('',(0.,0.,1.));
#3130=DIRECTION('',(1.,0.,0.));
#3131=DIRECTION('',(0.,0.,1.));
#3132=DIRECTION('',(1.,0.,0.));
#3133=DIRECTION('',(0.056104889279372,-0.734541291090986,-0.676240588164698));
#3134=DIRECTION('',(0.,0.677307428507192,-0.735700106897488));
#3135=DIRECTION('',(-2.19783237832966E-16,-4.68596258021667E-17,-1.));
#3136=DIRECTION('',(-1.,0.,2.19783237832966E-16));
#3137=DIRECTION('',(0.,0.,-1.));
#3138=DIRECTION('',(-1.,0.,0.));
#3139=DIRECTION('',(0.,0.,1.));
#3140=DIRECTION('',(1.,0.,0.));
#3141=DIRECTION('',(0.,0.,1.));
#3142=DIRECTION('',(1.,0.,0.));
#3143=DIRECTION('',(0.,1.,0.));
#3144=DIRECTION('',(0.,0.,1.));
#3145=DIRECTION('',(0.,0.,1.));
#3146=DIRECTION('',(0.,0.,1.));
#3147=DIRECTION('',(1.,0.,0.));
#3148=DIRECTION('',(0.,0.,1.));
#3149=DIRECTION('',(0.,1.,0.));
#3150=DIRECTION('',(0.,0.,1.));
#3151=DIRECTION('',(0.,0.,1.));
#3152=DIRECTION('',(-0.999955056886489,-0.00948072819659781,0.));
#3153=DIRECTION('',(0.,0.,1.));
#3154=DIRECTION('',(1.,0.,0.));
#3155=DIRECTION('',(0.,0.,1.));
#3156=DIRECTION('',(0.99995505688649,-0.00948072819659329,0.));
#3157=DIRECTION('',(0.,0.,1.));
#3158=DIRECTION('',(1.,0.,0.));
#3159=DIRECTION('',(0.,0.,1.));
#3160=DIRECTION('',(1.,0.,0.));
#3161=DIRECTION('',(0.,-1.,0.));
#3162=DIRECTION('',(0.,0.,-1.));
#3163=CARTESIAN_POINT('',(0.,0.,0.));
#3164=CARTESIAN_POINT('',(0.05895,-0.00919555713725716,-0.0017));
#3165=CARTESIAN_POINT('',(0.05895,-0.00919555713725716,-0.0017));
#3166=CARTESIAN_POINT('',(0.062359055,-0.00919555713725716,-0.0017));
#3167=CARTESIAN_POINT('',(0.05895,-0.00919555713725716,0.0063));
#3168=CARTESIAN_POINT('',(0.062359055,-0.00919555713725716,0.0063));
#3169=CARTESIAN_POINT('',(0.053055,-0.0194059966478757,-0.0017));
#3170=CARTESIAN_POINT('',(0.053055,-0.0194059966478757,-0.0017));
#3171=CARTESIAN_POINT('',(0.056464055,-0.0194059966478757,-0.0017));
#3172=CARTESIAN_POINT('',(0.053055,-0.0194059966478757,0.0063));
#3173=CARTESIAN_POINT('',(0.056464055,-0.0194059966478757,0.0063));
#3174=CARTESIAN_POINT('',(0.04716,-0.0296164361584943,-0.0017));
#3175=CARTESIAN_POINT('',(0.04716,-0.0296164361584943,-0.0017));
#3176=CARTESIAN_POINT('',(0.050569055,-0.0296164361584943,-0.0017));
#3177=CARTESIAN_POINT('',(0.04716,-0.0296164361584943,0.0063));
#3178=CARTESIAN_POINT('',(0.050569055,-0.0296164361584943,0.0063));
#3179=CARTESIAN_POINT('',(0.041265,-0.0398268756691127,-0.0017));
#3180=CARTESIAN_POINT('',(0.041265,-0.0398268756691127,-0.0017));
#3181=CARTESIAN_POINT('',(0.044674055,-0.0398268756691127,-0.0017));
#3182=CARTESIAN_POINT('',(0.041265,-0.0398268756691127,0.0063));
#3183=CARTESIAN_POINT('',(0.044674055,-0.0398268756691127,0.0063));
#3184=CARTESIAN_POINT('',(0.03537,-0.0500373151797313,-0.0017));
#3185=CARTESIAN_POINT('',(0.03537,-0.0500373151797313,-0.0017));
#3186=CARTESIAN_POINT('',(0.038779055,-0.0500373151797313,-0.0017));
#3187=CARTESIAN_POINT('',(0.03537,-0.0500373151797313,0.0063));
#3188=CARTESIAN_POINT('',(0.038779055,-0.0500373151797313,0.0063));
#3189=CARTESIAN_POINT('',(0.05895,0.0112253218839799,-0.0017));
#3190=CARTESIAN_POINT('',(0.05895,0.0112253218839799,-0.0017));
#3191=CARTESIAN_POINT('',(0.062359055,0.0112253218839799,-0.0017));
#3192=CARTESIAN_POINT('',(0.05895,0.0112253218839799,0.0063));
#3193=CARTESIAN_POINT('',(0.062359055,0.0112253218839799,0.0063));
#3194=CARTESIAN_POINT('',(0.053055,0.00101488237336137,-0.0017));
#3195=CARTESIAN_POINT('',(0.053055,0.00101488237336137,-0.0017));
#3196=CARTESIAN_POINT('',(0.056464055,0.00101488237336137,-0.0017));
#3197=CARTESIAN_POINT('',(0.053055,0.00101488237336137,0.0063));
#3198=CARTESIAN_POINT('',(0.056464055,0.00101488237336137,0.0063));
#3199=CARTESIAN_POINT('',(0.04716,-0.00919555713725716,-0.0017));
#3200=CARTESIAN_POINT('',(0.04716,-0.00919555713725716,-0.0017));
#3201=CARTESIAN_POINT('',(0.050569055,-0.00919555713725716,-0.0017));
#3202=CARTESIAN_POINT('',(0.04716,-0.00919555713725716,0.0063));
#3203=CARTESIAN_POINT('',(0.050569055,-0.00919555713725716,0.0063));
#3204=CARTESIAN_POINT('',(0.041265,-0.0194059966478757,-0.0017));
#3205=CARTESIAN_POINT('',(0.041265,-0.0194059966478757,-0.0017));
#3206=CARTESIAN_POINT('',(0.044674055,-0.0194059966478757,-0.0017));
#3207=CARTESIAN_POINT('',(0.041265,-0.0194059966478757,0.0063));
#3208=CARTESIAN_POINT('',(0.044674055,-0.0194059966478757,0.0063));
#3209=CARTESIAN_POINT('',(0.03537,-0.0296164361584943,-0.0017));
#3210=CARTESIAN_POINT('',(0.03537,-0.0296164361584943,-0.0017));
#3211=CARTESIAN_POINT('',(0.038779055,-0.0296164361584943,-0.0017));
#3212=CARTESIAN_POINT('',(0.03537,-0.0296164361584943,0.0063));
#3213=CARTESIAN_POINT('',(0.038779055,-0.0296164361584943,0.0063));
#3214=CARTESIAN_POINT('',(0.029475,-0.0398268756691127,-0.0017));
#3215=CARTESIAN_POINT('',(0.029475,-0.0398268756691127,-0.0017));
#3216=CARTESIAN_POINT('',(0.032884055,-0.0398268756691127,-0.0017));
#3217=CARTESIAN_POINT('',(0.029475,-0.0398268756691127,0.0063));
#3218=CARTESIAN_POINT('',(0.032884055,-0.0398268756691127,0.0063));
#3219=CARTESIAN_POINT('',(0.02358,-0.0500373151797313,-0.0017));
#3220=CARTESIAN_POINT('',(0.02358,-0.0500373151797313,-0.0017));
#3221=CARTESIAN_POINT('',(0.026989055,-0.0500373151797313,-0.0017));
#3222=CARTESIAN_POINT('',(0.02358,-0.0500373151797313,0.0063));
#3223=CARTESIAN_POINT('',(0.026989055,-0.0500373151797313,0.0063));
#3224=CARTESIAN_POINT('',(0.017685,-0.0602477546903498,-0.0017));
#3225=CARTESIAN_POINT('',(0.017685,-0.0602477546903498,-0.0017));
#3226=CARTESIAN_POINT('',(0.021094055,-0.0602477546903498,-0.0017));
#3227=CARTESIAN_POINT('',(0.017685,-0.0602477546903498,0.0063));
#3228=CARTESIAN_POINT('',(0.021094055,-0.0602477546903498,0.0063));
#3229=CARTESIAN_POINT('',(0.053055,0.0214357613945984,-0.0017));
#3230=CARTESIAN_POINT('',(0.053055,0.0214357613945984,-0.0017));
#3231=CARTESIAN_POINT('',(0.056464055,0.0214357613945984,-0.0017));
#3232=CARTESIAN_POINT('',(0.053055,0.0214357613945984,0.0063));
#3233=CARTESIAN_POINT('',(0.056464055,0.0214357613945984,0.0063));
#3234=CARTESIAN_POINT('',(0.04716,0.0112253218839799,-0.0017));
#3235=CARTESIAN_POINT('',(0.04716,0.0112253218839799,-0.0017));
#3236=CARTESIAN_POINT('',(0.050569055,0.0112253218839799,-0.0017));
#3237=CARTESIAN_POINT('',(0.04716,0.0112253218839799,0.0063));
#3238=CARTESIAN_POINT('',(0.050569055,0.0112253218839799,0.0063));
#3239=CARTESIAN_POINT('',(0.041265,0.00101488237336137,-0.0017));
#3240=CARTESIAN_POINT('',(0.041265,0.00101488237336137,-0.0017));
#3241=CARTESIAN_POINT('',(0.044674055,0.00101488237336137,-0.0017));
#3242=CARTESIAN_POINT('',(0.041265,0.00101488237336137,0.0063));
#3243=CARTESIAN_POINT('',(0.044674055,0.00101488237336137,0.0063));
#3244=CARTESIAN_POINT('',(0.03537,-0.00919555713725716,-0.0017));
#3245=CARTESIAN_POINT('',(0.03537,-0.00919555713725716,-0.0017));
#3246=CARTESIAN_POINT('',(0.038779055,-0.00919555713725716,-0.0017));
#3247=CARTESIAN_POINT('',(0.03537,-0.00919555713725716,0.0063));
#3248=CARTESIAN_POINT('',(0.038779055,-0.00919555713725716,0.0063));
#3249=CARTESIAN_POINT('',(0.029475,-0.0194059966478757,-0.0017));
#3250=CARTESIAN_POINT('',(0.029475,-0.0194059966478757,-0.0017));
#3251=CARTESIAN_POINT('',(0.032884055,-0.0194059966478757,-0.0017));
#3252=CARTESIAN_POINT('',(0.029475,-0.0194059966478757,0.0063));
#3253=CARTESIAN_POINT('',(0.032884055,-0.0194059966478757,0.0063));
#3254=CARTESIAN_POINT('',(0.02358,-0.0296164361584943,-0.0017));
#3255=CARTESIAN_POINT('',(0.02358,-0.0296164361584943,-0.0017));
#3256=CARTESIAN_POINT('',(0.026989055,-0.0296164361584943,-0.0017));
#3257=CARTESIAN_POINT('',(0.02358,-0.0296164361584943,0.0063));
#3258=CARTESIAN_POINT('',(0.026989055,-0.0296164361584943,0.0063));
#3259=CARTESIAN_POINT('',(0.017685,-0.0398268756691127,-0.0017));
#3260=CARTESIAN_POINT('',(0.017685,-0.0398268756691127,-0.0017));
#3261=CARTESIAN_POINT('',(0.021094055,-0.0398268756691127,-0.0017));
#3262=CARTESIAN_POINT('',(0.017685,-0.0398268756691127,0.0063));
#3263=CARTESIAN_POINT('',(0.021094055,-0.0398268756691127,0.0063));
#3264=CARTESIAN_POINT('',(0.01179,-0.0500373151797313,-0.0017));
#3265=CARTESIAN_POINT('',(0.01179,-0.0500373151797313,-0.0017));
#3266=CARTESIAN_POINT('',(0.015199055,-0.0500373151797313,-0.0017));
#3267=CARTESIAN_POINT('',(0.01179,-0.0500373151797313,0.0063));
#3268=CARTESIAN_POINT('',(0.015199055,-0.0500373151797313,0.0063));
#3269=CARTESIAN_POINT('',(0.005895,-0.0602477546903498,-0.0017));
#3270=CARTESIAN_POINT('',(0.005895,-0.0602477546903498,-0.0017));
#3271=CARTESIAN_POINT('',(0.009304055,-0.0602477546903498,-0.0017));
#3272=CARTESIAN_POINT('',(0.005895,-0.0602477546903498,0.0063));
#3273=CARTESIAN_POINT('',(0.009304055,-0.0602477546903498,0.0063));
#3274=CARTESIAN_POINT('',(0.04716,0.0316462009052169,-0.0017));
#3275=CARTESIAN_POINT('',(0.04716,0.0316462009052169,-0.0017));
#3276=CARTESIAN_POINT('',(0.050569055,0.0316462009052169,-0.0017));
#3277=CARTESIAN_POINT('',(0.04716,0.0316462009052169,0.0063));
#3278=CARTESIAN_POINT('',(0.050569055,0.0316462009052169,0.0063));
#3279=CARTESIAN_POINT('',(0.041265,0.0214357613945984,-0.0017));
#3280=CARTESIAN_POINT('',(0.041265,0.0214357613945984,-0.0017));
#3281=CARTESIAN_POINT('',(0.044674055,0.0214357613945984,-0.0017));
#3282=CARTESIAN_POINT('',(0.041265,0.0214357613945984,0.0063));
#3283=CARTESIAN_POINT('',(0.044674055,0.0214357613945984,0.0063));
#3284=CARTESIAN_POINT('',(0.03537,0.0112253218839799,-0.0017));
#3285=CARTESIAN_POINT('',(0.03537,0.0112253218839799,-0.0017));
#3286=CARTESIAN_POINT('',(0.038779055,0.0112253218839799,-0.0017));
#3287=CARTESIAN_POINT('',(0.03537,0.0112253218839799,0.0063));
#3288=CARTESIAN_POINT('',(0.038779055,0.0112253218839799,0.0063));
#3289=CARTESIAN_POINT('',(0.029475,0.00101488237336137,-0.0017));
#3290=CARTESIAN_POINT('',(0.029475,0.00101488237336137,-0.0017));
#3291=CARTESIAN_POINT('',(0.032884055,0.00101488237336137,-0.0017));
#3292=CARTESIAN_POINT('',(0.029475,0.00101488237336137,0.0063));
#3293=CARTESIAN_POINT('',(0.032884055,0.00101488237336137,0.0063));
#3294=CARTESIAN_POINT('',(0.01179,-0.0296164361584943,-0.0017));
#3295=CARTESIAN_POINT('',(0.01179,-0.0296164361584943,-0.0017));
#3296=CARTESIAN_POINT('',(0.015199055,-0.0296164361584943,-0.0017));
#3297=CARTESIAN_POINT('',(0.01179,-0.0296164361584943,0.0063));
#3298=CARTESIAN_POINT('',(0.015199055,-0.0296164361584943,0.0063));
#3299=CARTESIAN_POINT('',(0.005895,-0.0398268756691127,-0.0017));
#3300=CARTESIAN_POINT('',(0.005895,-0.0398268756691127,-0.0017));
#3301=CARTESIAN_POINT('',(0.009304055,-0.0398268756691127,-0.0017));
#3302=CARTESIAN_POINT('',(0.005895,-0.0398268756691127,0.0063));
#3303=CARTESIAN_POINT('',(0.009304055,-0.0398268756691127,0.0063));
#3304=CARTESIAN_POINT('',(-3.46944695195361E-18,-0.0500373151797313,-0.0017));
#3305=CARTESIAN_POINT('',(-3.46944695195361E-18,-0.0500373151797313,-0.0017));
#3306=CARTESIAN_POINT('',(0.003409055,-0.0500373151797313,-0.0017));
#3307=CARTESIAN_POINT('',(-3.46944695195361E-18,-0.0500373151797313,0.0063));
#3308=CARTESIAN_POINT('',(0.003409055,-0.0500373151797313,0.0063));
#3309=CARTESIAN_POINT('',(-0.005895,-0.0602477546903498,-0.0017));
#3310=CARTESIAN_POINT('',(-0.005895,-0.0602477546903498,-0.0017));
#3311=CARTESIAN_POINT('',(-0.002485945,-0.0602477546903498,-0.0017));
#3312=CARTESIAN_POINT('',(-0.005895,-0.0602477546903498,0.0063));
#3313=CARTESIAN_POINT('',(-0.002485945,-0.0602477546903498,0.0063));
#3314=CARTESIAN_POINT('',(0.041265,0.0418566404158355,-0.0017));
#3315=CARTESIAN_POINT('',(0.041265,0.0418566404158355,-0.0017));
#3316=CARTESIAN_POINT('',(0.044674055,0.0418566404158355,-0.0017));
#3317=CARTESIAN_POINT('',(0.041265,0.0418566404158355,0.0063));
#3318=CARTESIAN_POINT('',(0.044674055,0.0418566404158355,0.0063));
#3319=CARTESIAN_POINT('',(0.03537,0.0316462009052169,-0.0017));
#3320=CARTESIAN_POINT('',(0.03537,0.0316462009052169,-0.0017));
#3321=CARTESIAN_POINT('',(0.038779055,0.0316462009052169,-0.0017));
#3322=CARTESIAN_POINT('',(0.03537,0.0316462009052169,0.0063));
#3323=CARTESIAN_POINT('',(0.038779055,0.0316462009052169,0.0063));
#3324=CARTESIAN_POINT('',(0.029475,0.0214357613945984,-0.0017));
#3325=CARTESIAN_POINT('',(0.029475,0.0214357613945984,-0.0017));
#3326=CARTESIAN_POINT('',(0.032884055,0.0214357613945984,-0.0017));
#3327=CARTESIAN_POINT('',(0.029475,0.0214357613945984,0.0063));
#3328=CARTESIAN_POINT('',(0.032884055,0.0214357613945984,0.0063));
#3329=CARTESIAN_POINT('',(-0.005895,-0.0398268756691127,-0.0017));
#3330=CARTESIAN_POINT('',(-0.005895,-0.0398268756691127,-0.0017));
#3331=CARTESIAN_POINT('',(-0.002485945,-0.0398268756691127,-0.0017));
#3332=CARTESIAN_POINT('',(-0.005895,-0.0398268756691127,0.0063));
#3333=CARTESIAN_POINT('',(-0.002485945,-0.0398268756691127,0.0063));
#3334=CARTESIAN_POINT('',(-0.01179,-0.0500373151797313,-0.0017));
#3335=CARTESIAN_POINT('',(-0.01179,-0.0500373151797313,-0.0017));
#3336=CARTESIAN_POINT('',(-0.008380945,-0.0500373151797313,-0.0017));
#3337=CARTESIAN_POINT('',(-0.01179,-0.0500373151797313,0.0063));
#3338=CARTESIAN_POINT('',(-0.008380945,-0.0500373151797313,0.0063));
#3339=CARTESIAN_POINT('',(-0.017685,-0.0602477546903498,-0.0017));
#3340=CARTESIAN_POINT('',(-0.017685,-0.0602477546903498,-0.0017));
#3341=CARTESIAN_POINT('',(-0.014275945,-0.0602477546903498,-0.0017));
#3342=CARTESIAN_POINT('',(-0.017685,-0.0602477546903498,0.0063));
#3343=CARTESIAN_POINT('',(-0.014275945,-0.0602477546903498,0.0063));
#3344=CARTESIAN_POINT('',(0.03537,0.052067079926454,-0.0017));
#3345=CARTESIAN_POINT('',(0.03537,0.052067079926454,-0.0017));
#3346=CARTESIAN_POINT('',(0.038779055,0.052067079926454,-0.0017));
#3347=CARTESIAN_POINT('',(0.03537,0.052067079926454,0.0063));
#3348=CARTESIAN_POINT('',(0.038779055,0.052067079926454,0.0063));
#3349=CARTESIAN_POINT('',(0.029475,0.0418566404158355,-0.0017));
#3350=CARTESIAN_POINT('',(0.029475,0.0418566404158355,-0.0017));
#3351=CARTESIAN_POINT('',(0.032884055,0.0418566404158355,-0.0017));
#3352=CARTESIAN_POINT('',(0.029475,0.0418566404158355,0.0063));
#3353=CARTESIAN_POINT('',(0.032884055,0.0418566404158355,0.0063));
#3354=CARTESIAN_POINT('',(0.02358,0.0316462009052169,-0.0017));
#3355=CARTESIAN_POINT('',(0.02358,0.0316462009052169,-0.0017));
#3356=CARTESIAN_POINT('',(0.026989055,0.0316462009052169,-0.0017));
#3357=CARTESIAN_POINT('',(0.02358,0.0316462009052169,0.0063));
#3358=CARTESIAN_POINT('',(0.026989055,0.0316462009052169,0.0063));
#3359=CARTESIAN_POINT('',(0.017685,0.0214357613945984,-0.0017));
#3360=CARTESIAN_POINT('',(0.017685,0.0214357613945984,-0.0017));
#3361=CARTESIAN_POINT('',(0.021094055,0.0214357613945984,-0.0017));
#3362=CARTESIAN_POINT('',(0.017685,0.0214357613945984,0.0063));
#3363=CARTESIAN_POINT('',(0.021094055,0.0214357613945984,0.0063));
#3364=CARTESIAN_POINT('',(-0.01179,-0.0296164361584943,-0.0017));
#3365=CARTESIAN_POINT('',(-0.01179,-0.0296164361584943,-0.0017));
#3366=CARTESIAN_POINT('',(-0.008380945,-0.0296164361584943,-0.0017));
#3367=CARTESIAN_POINT('',(-0.01179,-0.0296164361584943,0.0063));
#3368=CARTESIAN_POINT('',(-0.008380945,-0.0296164361584943,0.0063));
#3369=CARTESIAN_POINT('',(-0.017685,-0.0398268756691127,-0.0017));
#3370=CARTESIAN_POINT('',(-0.017685,-0.0398268756691127,-0.0017));
#3371=CARTESIAN_POINT('',(-0.014275945,-0.0398268756691127,-0.0017));
#3372=CARTESIAN_POINT('',(-0.017685,-0.0398268756691127,0.0063));
#3373=CARTESIAN_POINT('',(-0.014275945,-0.0398268756691127,0.0063));
#3374=CARTESIAN_POINT('',(-0.02358,-0.0500373151797313,-0.0017));
#3375=CARTESIAN_POINT('',(-0.02358,-0.0500373151797313,-0.0017));
#3376=CARTESIAN_POINT('',(-0.020170945,-0.0500373151797313,-0.0017));
#3377=CARTESIAN_POINT('',(-0.02358,-0.0500373151797313,0.0063));
#3378=CARTESIAN_POINT('',(-0.020170945,-0.0500373151797313,0.0063));
#3379=CARTESIAN_POINT('',(0.02358,0.052067079926454,-0.0017));
#3380=CARTESIAN_POINT('',(0.02358,0.052067079926454,-0.0017));
#3381=CARTESIAN_POINT('',(0.026989055,0.052067079926454,-0.0017));
#3382=CARTESIAN_POINT('',(0.02358,0.052067079926454,0.0063));
#3383=CARTESIAN_POINT('',(0.026989055,0.052067079926454,0.0063));
#3384=CARTESIAN_POINT('',(0.017685,0.0418566404158355,-0.0017));
#3385=CARTESIAN_POINT('',(0.017685,0.0418566404158355,-0.0017));
#3386=CARTESIAN_POINT('',(0.021094055,0.0418566404158355,-0.0017));
#3387=CARTESIAN_POINT('',(0.017685,0.0418566404158355,0.0063));
#3388=CARTESIAN_POINT('',(0.021094055,0.0418566404158355,0.0063));
#3389=CARTESIAN_POINT('',(0.01179,0.0316462009052169,-0.0017));
#3390=CARTESIAN_POINT('',(0.01179,0.0316462009052169,-0.0017));
#3391=CARTESIAN_POINT('',(0.015199055,0.0316462009052169,-0.0017));
#3392=CARTESIAN_POINT('',(0.01179,0.0316462009052169,0.0063));
#3393=CARTESIAN_POINT('',(0.015199055,0.0316462009052169,0.0063));
#3394=CARTESIAN_POINT('',(-0.02358,-0.0296164361584943,-0.0017));
#3395=CARTESIAN_POINT('',(-0.02358,-0.0296164361584943,-0.0017));
#3396=CARTESIAN_POINT('',(-0.020170945,-0.0296164361584943,-0.0017));
#3397=CARTESIAN_POINT('',(-0.02358,-0.0296164361584943,0.0063));
#3398=CARTESIAN_POINT('',(-0.020170945,-0.0296164361584943,0.0063));
#3399=CARTESIAN_POINT('',(-0.029475,-0.0398268756691127,-0.0017));
#3400=CARTESIAN_POINT('',(-0.029475,-0.0398268756691127,-0.0017));
#3401=CARTESIAN_POINT('',(-0.026065945,-0.0398268756691127,-0.0017));
#3402=CARTESIAN_POINT('',(-0.029475,-0.0398268756691127,0.0063));
#3403=CARTESIAN_POINT('',(-0.026065945,-0.0398268756691127,0.0063));
#3404=CARTESIAN_POINT('',(-0.03537,-0.0500373151797313,-0.0017));
#3405=CARTESIAN_POINT('',(-0.03537,-0.0500373151797313,-0.0017));
#3406=CARTESIAN_POINT('',(-0.031960945,-0.0500373151797313,-0.0017));
#3407=CARTESIAN_POINT('',(-0.03537,-0.0500373151797313,0.0063));
#3408=CARTESIAN_POINT('',(-0.031960945,-0.0500373151797313,0.0063));
#3409=CARTESIAN_POINT('',(0.01179,0.052067079926454,-0.0017));
#3410=CARTESIAN_POINT('',(0.01179,0.052067079926454,-0.0017));
#3411=CARTESIAN_POINT('',(0.015199055,0.052067079926454,-0.0017));
#3412=CARTESIAN_POINT('',(0.01179,0.052067079926454,0.0063));
#3413=CARTESIAN_POINT('',(0.015199055,0.052067079926454,0.0063));
#3414=CARTESIAN_POINT('',(0.005895,0.0418566404158355,-0.0017));
#3415=CARTESIAN_POINT('',(0.005895,0.0418566404158355,-0.0017));
#3416=CARTESIAN_POINT('',(0.009304055,0.0418566404158355,-0.0017));
#3417=CARTESIAN_POINT('',(0.005895,0.0418566404158355,0.0063));
#3418=CARTESIAN_POINT('',(0.009304055,0.0418566404158355,0.0063));
#3419=CARTESIAN_POINT('',(1.38777878078145E-17,0.0316462009052169,-0.0017));
#3420=CARTESIAN_POINT('',(1.38777878078145E-17,0.0316462009052169,-0.0017));
#3421=CARTESIAN_POINT('',(0.00340905500000001,0.0316462009052169,-0.0017));
#3422=CARTESIAN_POINT('',(1.38777878078145E-17,0.0316462009052169,0.0063));
#3423=CARTESIAN_POINT('',(0.00340905500000001,0.0316462009052169,0.0063));
#3424=CARTESIAN_POINT('',(-0.029475,-0.0194059966478757,-0.0017));
#3425=CARTESIAN_POINT('',(-0.029475,-0.0194059966478757,-0.0017));
#3426=CARTESIAN_POINT('',(-0.026065945,-0.0194059966478757,-0.0017));
#3427=CARTESIAN_POINT('',(-0.029475,-0.0194059966478757,0.0063));
#3428=CARTESIAN_POINT('',(-0.026065945,-0.0194059966478757,0.0063));
#3429=CARTESIAN_POINT('',(-0.03537,-0.0296164361584943,-0.0017));
#3430=CARTESIAN_POINT('',(-0.03537,-0.0296164361584943,-0.0017));
#3431=CARTESIAN_POINT('',(-0.031960945,-0.0296164361584943,-0.0017));
#3432=CARTESIAN_POINT('',(-0.03537,-0.0296164361584943,0.0063));
#3433=CARTESIAN_POINT('',(-0.031960945,-0.0296164361584943,0.0063));
#3434=CARTESIAN_POINT('',(-0.041265,-0.0398268756691127,-0.0017));
#3435=CARTESIAN_POINT('',(-0.041265,-0.0398268756691127,-0.0017));
#3436=CARTESIAN_POINT('',(-0.037855945,-0.0398268756691127,-0.0017));
#3437=CARTESIAN_POINT('',(-0.041265,-0.0398268756691127,0.0063));
#3438=CARTESIAN_POINT('',(-0.037855945,-0.0398268756691127,0.0063));
#3439=CARTESIAN_POINT('',(-0.005895,0.0418566404158355,-0.0017));
#3440=CARTESIAN_POINT('',(-0.005895,0.0418566404158355,-0.0017));
#3441=CARTESIAN_POINT('',(-0.002485945,0.0418566404158355,-0.0017));
#3442=CARTESIAN_POINT('',(-0.005895,0.0418566404158355,0.0063));
#3443=CARTESIAN_POINT('',(-0.002485945,0.0418566404158355,0.0063));
#3444=CARTESIAN_POINT('',(-0.01179,0.0316462009052169,-0.0017));
#3445=CARTESIAN_POINT('',(-0.01179,0.0316462009052169,-0.0017));
#3446=CARTESIAN_POINT('',(-0.008380945,0.0316462009052169,-0.0017));
#3447=CARTESIAN_POINT('',(-0.01179,0.0316462009052169,0.0063));
#3448=CARTESIAN_POINT('',(-0.008380945,0.0316462009052169,0.0063));
#3449=CARTESIAN_POINT('',(-0.017685,0.0214357613945984,-0.0017));
#3450=CARTESIAN_POINT('',(-0.017685,0.0214357613945984,-0.0017));
#3451=CARTESIAN_POINT('',(-0.014275945,0.0214357613945984,-0.0017));
#3452=CARTESIAN_POINT('',(-0.017685,0.0214357613945984,0.0063));
#3453=CARTESIAN_POINT('',(-0.014275945,0.0214357613945984,0.0063));
#3454=CARTESIAN_POINT('',(-0.029475,0.00101488237336137,-0.0017));
#3455=CARTESIAN_POINT('',(-0.029475,0.00101488237336137,-0.0017));
#3456=CARTESIAN_POINT('',(-0.026065945,0.00101488237336137,-0.0017));
#3457=CARTESIAN_POINT('',(-0.029475,0.00101488237336137,0.0063));
#3458=CARTESIAN_POINT('',(-0.026065945,0.00101488237336137,0.0063));
#3459=CARTESIAN_POINT('',(-0.03537,-0.00919555713725716,-0.0017));
#3460=CARTESIAN_POINT('',(-0.03537,-0.00919555713725716,-0.0017));
#3461=CARTESIAN_POINT('',(-0.031960945,-0.00919555713725716,-0.0017));
#3462=CARTESIAN_POINT('',(-0.03537,-0.00919555713725716,0.0063));
#3463=CARTESIAN_POINT('',(-0.031960945,-0.00919555713725716,0.0063));
#3464=CARTESIAN_POINT('',(-0.041265,-0.0194059966478757,-0.0017));
#3465=CARTESIAN_POINT('',(-0.041265,-0.0194059966478757,-0.0017));
#3466=CARTESIAN_POINT('',(-0.037855945,-0.0194059966478757,-0.0017));
#3467=CARTESIAN_POINT('',(-0.041265,-0.0194059966478757,0.0063));
#3468=CARTESIAN_POINT('',(-0.037855945,-0.0194059966478757,0.0063));
#3469=CARTESIAN_POINT('',(-0.04716,-0.0296164361584943,-0.0017));
#3470=CARTESIAN_POINT('',(-0.04716,-0.0296164361584943,-0.0017));
#3471=CARTESIAN_POINT('',(-0.043750945,-0.0296164361584943,-0.0017));
#3472=CARTESIAN_POINT('',(-0.04716,-0.0296164361584943,0.0063));
#3473=CARTESIAN_POINT('',(-0.043750945,-0.0296164361584943,0.0063));
#3474=CARTESIAN_POINT('',(-0.01179,0.052067079926454,-0.0017));
#3475=CARTESIAN_POINT('',(-0.01179,0.052067079926454,-0.0017));
#3476=CARTESIAN_POINT('',(-0.008380945,0.052067079926454,-0.0017));
#3477=CARTESIAN_POINT('',(-0.01179,0.052067079926454,0.0063));
#3478=CARTESIAN_POINT('',(-0.008380945,0.052067079926454,0.0063));
#3479=CARTESIAN_POINT('',(-0.017685,0.0418566404158355,-0.0017));
#3480=CARTESIAN_POINT('',(-0.017685,0.0418566404158355,-0.0017));
#3481=CARTESIAN_POINT('',(-0.014275945,0.0418566404158355,-0.0017));
#3482=CARTESIAN_POINT('',(-0.017685,0.0418566404158355,0.0063));
#3483=CARTESIAN_POINT('',(-0.014275945,0.0418566404158355,0.0063));
#3484=CARTESIAN_POINT('',(-0.02358,0.0316462009052169,-0.0017));
#3485=CARTESIAN_POINT('',(-0.02358,0.0316462009052169,-0.0017));
#3486=CARTESIAN_POINT('',(-0.020170945,0.0316462009052169,-0.0017));
#3487=CARTESIAN_POINT('',(-0.02358,0.0316462009052169,0.0063));
#3488=CARTESIAN_POINT('',(-0.020170945,0.0316462009052169,0.0063));
#3489=CARTESIAN_POINT('',(-0.029475,0.0214357613945984,-0.0017));
#3490=CARTESIAN_POINT('',(-0.029475,0.0214357613945984,-0.0017));
#3491=CARTESIAN_POINT('',(-0.026065945,0.0214357613945984,-0.0017));
#3492=CARTESIAN_POINT('',(-0.029475,0.0214357613945984,0.0063));
#3493=CARTESIAN_POINT('',(-0.026065945,0.0214357613945984,0.0063));
#3494=CARTESIAN_POINT('',(-0.03537,0.0112253218839799,-0.0017));
#3495=CARTESIAN_POINT('',(-0.03537,0.0112253218839799,-0.0017));
#3496=CARTESIAN_POINT('',(-0.031960945,0.0112253218839799,-0.0017));
#3497=CARTESIAN_POINT('',(-0.03537,0.0112253218839799,0.0063));
#3498=CARTESIAN_POINT('',(-0.031960945,0.0112253218839799,0.0063));
#3499=CARTESIAN_POINT('',(-0.041265,0.00101488237336137,-0.0017));
#3500=CARTESIAN_POINT('',(-0.041265,0.00101488237336137,-0.0017));
#3501=CARTESIAN_POINT('',(-0.037855945,0.00101488237336137,-0.0017));
#3502=CARTESIAN_POINT('',(-0.041265,0.00101488237336137,0.0063));
#3503=CARTESIAN_POINT('',(-0.037855945,0.00101488237336137,0.0063));
#3504=CARTESIAN_POINT('',(-0.04716,-0.00919555713725716,-0.0017));
#3505=CARTESIAN_POINT('',(-0.04716,-0.00919555713725716,-0.0017));
#3506=CARTESIAN_POINT('',(-0.043750945,-0.00919555713725716,-0.0017));
#3507=CARTESIAN_POINT('',(-0.04716,-0.00919555713725716,0.0063));
#3508=CARTESIAN_POINT('',(-0.043750945,-0.00919555713725716,0.0063));
#3509=CARTESIAN_POINT('',(-0.053055,-0.0194059966478757,-0.0017));
#3510=CARTESIAN_POINT('',(-0.053055,-0.0194059966478757,-0.0017));
#3511=CARTESIAN_POINT('',(-0.049645945,-0.0194059966478757,-0.0017));
#3512=CARTESIAN_POINT('',(-0.053055,-0.0194059966478757,0.0063));
#3513=CARTESIAN_POINT('',(-0.049645945,-0.0194059966478757,0.0063));
#3514=CARTESIAN_POINT('',(-0.02358,0.052067079926454,-0.0017));
#3515=CARTESIAN_POINT('',(-0.02358,0.052067079926454,-0.0017));
#3516=CARTESIAN_POINT('',(-0.020170945,0.052067079926454,-0.0017));
#3517=CARTESIAN_POINT('',(-0.02358,0.052067079926454,0.0063));
#3518=CARTESIAN_POINT('',(-0.020170945,0.052067079926454,0.0063));
#3519=CARTESIAN_POINT('',(-0.029475,0.0418566404158355,-0.0017));
#3520=CARTESIAN_POINT('',(-0.029475,0.0418566404158355,-0.0017));
#3521=CARTESIAN_POINT('',(-0.026065945,0.0418566404158355,-0.0017));
#3522=CARTESIAN_POINT('',(-0.029475,0.0418566404158355,0.0063));
#3523=CARTESIAN_POINT('',(-0.026065945,0.0418566404158355,0.0063));
#3524=CARTESIAN_POINT('',(-0.03537,0.0316462009052169,-0.0017));
#3525=CARTESIAN_POINT('',(-0.03537,0.0316462009052169,-0.0017));
#3526=CARTESIAN_POINT('',(-0.031960945,0.0316462009052169,-0.0017));
#3527=CARTESIAN_POINT('',(-0.03537,0.0316462009052169,0.0063));
#3528=CARTESIAN_POINT('',(-0.031960945,0.0316462009052169,0.0063));
#3529=CARTESIAN_POINT('',(-0.041265,0.0214357613945984,-0.0017));
#3530=CARTESIAN_POINT('',(-0.041265,0.0214357613945984,-0.0017));
#3531=CARTESIAN_POINT('',(-0.037855945,0.0214357613945984,-0.0017));
#3532=CARTESIAN_POINT('',(-0.041265,0.0214357613945984,0.0063));
#3533=CARTESIAN_POINT('',(-0.037855945,0.0214357613945984,0.0063));
#3534=CARTESIAN_POINT('',(-0.04716,0.0112253218839799,-0.0017));
#3535=CARTESIAN_POINT('',(-0.04716,0.0112253218839799,-0.0017));
#3536=CARTESIAN_POINT('',(-0.043750945,0.0112253218839799,-0.0017));
#3537=CARTESIAN_POINT('',(-0.04716,0.0112253218839799,0.0063));
#3538=CARTESIAN_POINT('',(-0.043750945,0.0112253218839799,0.0063));
#3539=CARTESIAN_POINT('',(-0.053055,0.00101488237336137,-0.0017));
#3540=CARTESIAN_POINT('',(-0.053055,0.00101488237336137,-0.0017));
#3541=CARTESIAN_POINT('',(-0.049645945,0.00101488237336137,-0.0017));
#3542=CARTESIAN_POINT('',(-0.053055,0.00101488237336137,0.0063));
#3543=CARTESIAN_POINT('',(-0.049645945,0.00101488237336137,0.0063));
#3544=CARTESIAN_POINT('',(-0.05895,-0.00919555713725716,-0.0017));
#3545=CARTESIAN_POINT('',(-0.05895,-0.00919555713725716,-0.0017));
#3546=CARTESIAN_POINT('',(-0.055540945,-0.00919555713725716,-0.0017));
#3547=CARTESIAN_POINT('',(-0.05895,-0.00919555713725716,0.0063));
#3548=CARTESIAN_POINT('',(-0.055540945,-0.00919555713725716,0.0063));
#3549=CARTESIAN_POINT('',(-0.03537,0.052067079926454,-0.0017));
#3550=CARTESIAN_POINT('',(-0.03537,0.052067079926454,-0.0017));
#3551=CARTESIAN_POINT('',(-0.031960945,0.052067079926454,-0.0017));
#3552=CARTESIAN_POINT('',(-0.03537,0.052067079926454,0.0063));
#3553=CARTESIAN_POINT('',(-0.031960945,0.052067079926454,0.0063));
#3554=CARTESIAN_POINT('',(-0.041265,0.0418566404158355,-0.0017));
#3555=CARTESIAN_POINT('',(-0.041265,0.0418566404158355,-0.0017));
#3556=CARTESIAN_POINT('',(-0.037855945,0.0418566404158355,-0.0017));
#3557=CARTESIAN_POINT('',(-0.041265,0.0418566404158355,0.0063));
#3558=CARTESIAN_POINT('',(-0.037855945,0.0418566404158355,0.0063));
#3559=CARTESIAN_POINT('',(-0.04716,0.0316462009052169,-0.0017));
#3560=CARTESIAN_POINT('',(-0.04716,0.0316462009052169,-0.0017));
#3561=CARTESIAN_POINT('',(-0.043750945,0.0316462009052169,-0.0017));
#3562=CARTESIAN_POINT('',(-0.04716,0.0316462009052169,0.0063));
#3563=CARTESIAN_POINT('',(-0.043750945,0.0316462009052169,0.0063));
#3564=CARTESIAN_POINT('',(-0.053055,0.0214357613945984,-0.0017));
#3565=CARTESIAN_POINT('',(-0.053055,0.0214357613945984,-0.0017));
#3566=CARTESIAN_POINT('',(-0.049645945,0.0214357613945984,-0.0017));
#3567=CARTESIAN_POINT('',(-0.053055,0.0214357613945984,0.0063));
#3568=CARTESIAN_POINT('',(-0.049645945,0.0214357613945984,0.0063));
#3569=CARTESIAN_POINT('',(-0.05895,0.0112253218839799,-0.0017));
#3570=CARTESIAN_POINT('',(-0.05895,0.0112253218839799,-0.0017));
#3571=CARTESIAN_POINT('',(-0.055540945,0.0112253218839799,-0.0017));
#3572=CARTESIAN_POINT('',(-0.05895,0.0112253218839799,0.0063));
#3573=CARTESIAN_POINT('',(-0.055540945,0.0112253218839799,0.0063));
#3574=CARTESIAN_POINT('',(0.,-0.0296164361584943,-0.0017));
#3575=CARTESIAN_POINT('',(0.,-0.0296164361584943,-0.0017));
#3576=CARTESIAN_POINT('',(0.003409055,-0.0296164361584943,-0.0017));
#3577=CARTESIAN_POINT('',(0.,-0.0296164361584943,0.0063));
#3578=CARTESIAN_POINT('',(0.003409055,-0.0296164361584943,0.0063));
#3579=CARTESIAN_POINT('',(0.,1.12661312158781E-18,0.0183));
#3580=CARTESIAN_POINT('',(-1.63309974954968E-6,-1.54836710943175E-8,0.0083));
#3581=CARTESIAN_POINT('',(-0.0685268013578746,-3.52267261786076E-16,0.0083));
#3582=CARTESIAN_POINT('',(-0.0685144824034591,-0.00129930955807152,0.0083));
#3583=CARTESIAN_POINT('',(-0.0685268013578746,-3.52267261786076E-16,0.0063));
#3584=CARTESIAN_POINT('',(-0.0685268013578746,-3.52267261786076E-16,0.0063));
#3585=CARTESIAN_POINT('',(0.,1.12661312158781E-18,0.0063));
#3586=CARTESIAN_POINT('',(-0.012089610687822,0.0674519370941896,0.0063));
#3587=CARTESIAN_POINT('',(-0.012089610687822,0.0674519370941896,0.008));
#3588=CARTESIAN_POINT('',(-0.012089610687822,0.0674519370941896,0.0183));
#3589=CARTESIAN_POINT('',(0.,1.12661312158781E-18,0.0183));
#3590=CARTESIAN_POINT('',(0.012089610687822,0.0674519370941896,0.0183));
#3591=CARTESIAN_POINT('',(0.012089610687822,0.0674519370941896,0.008));
#3592=CARTESIAN_POINT('',(0.012089610687822,0.0674519370941896,0.0063));
#3593=CARTESIAN_POINT('',(0.,1.12661312158781E-18,0.0063));
#3594=CARTESIAN_POINT('',(0.0685268013522284,-5.38738266180479E-17,0.0063));
#3595=CARTESIAN_POINT('',(0.0685268013578746,-9.30711685905175E-17,0.0063));
#3596=CARTESIAN_POINT('',(0.0685268013578746,-9.30711685905175E-17,0.0083));
#3597=CARTESIAN_POINT('',(0.,1.12661312158781E-18,0.0083));
#3598=CARTESIAN_POINT('',(0.0685144824034591,-0.00129930955807154,0.0083));
#3599=CARTESIAN_POINT('',(0.0685144824034591,-0.00129930955807155,0.0063));
#3600=CARTESIAN_POINT('',(0.0685144824034591,-0.00129930955807155,0.0063));
#3601=CARTESIAN_POINT('',(0.,1.12661312158781E-18,0.0063));
#3602=CARTESIAN_POINT('',(-0.0685144823978139,-0.00129930955796447,0.0063));
#3603=CARTESIAN_POINT('',(-0.0685144824034591,-0.00129930955807152,0.0063));
#3604=CARTESIAN_POINT('',(0.,0.0685268013578746,0.008));
#3605=CARTESIAN_POINT('',(-0.00181857252561764,0.0564854068623019,0.00757379337277469));
#3606=CARTESIAN_POINT('',(-1.36554945077299E-6,0.0563414102246622,0.00720601930539549));
#3607=CARTESIAN_POINT('',(0.00182403472342073,0.0564859681775404,0.00757524546689905));
#3608=CARTESIAN_POINT('',(0.0033371115877806,0.056832012427048,0.00859607321589051));
#3609=CARTESIAN_POINT('',(0.00435323134240467,0.0571894580269241,0.0101070005166688));
#3610=CARTESIAN_POINT('',(0.00472292403606148,0.0573475587583787,0.0119241521568913));
#3611=CARTESIAN_POINT('',(0.00435506526493775,0.0571901282133669,0.0137495041104463));
#3612=CARTESIAN_POINT('',(0.00333431139365885,0.0568310252970199,0.0152649557831418));
#3613=CARTESIAN_POINT('',(0.00182082949523707,0.0564857487483009,0.0162829423417432));
#3614=CARTESIAN_POINT('',(2.01963478197444E-6,0.056341470406259,0.0166515367383466));
#3615=CARTESIAN_POINT('',(-0.00182020210696014,0.0564853860855418,0.0162840253930614));
#3616=CARTESIAN_POINT('',(-0.00333783126636223,0.0568320295387717,0.0152618860240818));
#3617=CARTESIAN_POINT('',(-0.00435511737129529,0.0571902311018906,0.013747190700268));
#3618=CARTESIAN_POINT('',(-0.00472281366315271,0.057347494191241,0.0119277870419901));
#3619=CARTESIAN_POINT('',(-0.00435362667314964,0.0571896158419187,0.0101062964784658));
#3620=CARTESIAN_POINT('',(-0.00333465241684841,0.0568310767647144,0.00859288555361871));
#3621=CARTESIAN_POINT('',(-0.00181857252561764,0.0564854068623019,0.00757379337277469));
#3622=CARTESIAN_POINT('',(-1.36554945077299E-6,0.0563414102246622,0.00720601930539549));
#3623=CARTESIAN_POINT('',(0.00182403472342073,0.0564859681775404,0.00757524546689905));
#3624=CARTESIAN_POINT('',(1.06407281628956E-18,0.0563895026564152,0.00732885267687595));
#3625=CARTESIAN_POINT('',(0.,0.0685268013578746,0.0063));
#3626=CARTESIAN_POINT('',(0.,0.0685268013578746,0.0183));
#3627=CARTESIAN_POINT('',(0.,0.,-0.0017));
#3628=CARTESIAN_POINT('',(0.,1.32733949244501E-18,-0.0017));
#3629=CARTESIAN_POINT('',(0.0216673609328268,0.000649683977856877,-0.0017));
#3630=CARTESIAN_POINT('',(0.,4.3055519841023E-18,-0.0017));
#3631=CARTESIAN_POINT('',(0.0143601450823355,0.0673526330592447,-0.0017));
#3632=CARTESIAN_POINT('',(0.0688634072459961,0.000649683977856877,-0.0017));
#3633=CARTESIAN_POINT('',(0.0692784307269468,0.000649683977856877,-0.0017));
#3634=CARTESIAN_POINT('',(0.0700331399038309,0.000649683977856857,-0.0017));
#3635=CARTESIAN_POINT('',(5.32604388494412E-18,1.35525271560688E-17,-0.0017));
#3636=CARTESIAN_POINT('',(-0.0700331399038309,0.000649683977856835,-0.0017));
#3637=CARTESIAN_POINT('',(-0.000754709176884139,0.000649683977856877,-0.0017));
#3638=CARTESIAN_POINT('',(-0.0688634072459961,0.000649683977856877,-0.0017));
#3639=CARTESIAN_POINT('',(0.,4.3055519841023E-18,-0.0017));
#3640=CARTESIAN_POINT('',(-0.0143601450823355,0.0673526330592447,-0.0017));
#3641=CARTESIAN_POINT('',(-0.0138567298257028,0.0649914909633952,-0.0017));
#3642=CARTESIAN_POINT('',(-0.0115174529092245,0.0655883179277956,-0.0017));
#3643=CARTESIAN_POINT('',(0.,0.0685268013578746,-0.0017));
#3644=CARTESIAN_POINT('',(0.0115174529092246,0.0655883179277956,-0.0017));
#3645=CARTESIAN_POINT('',(0.0138567298257028,0.0649914909633952,-0.0017));
#3646=CARTESIAN_POINT('',(0.,1.32733949244501E-18,-0.0189));
#3647=CARTESIAN_POINT('',(0.,1.32733949244501E-18,0.0183));
#3648=CARTESIAN_POINT('',(0.000499998897694407,-0.0216713781266618,0.0183));
#3649=CARTESIAN_POINT('',(-0.000500001070276804,-0.0216713831511753,0.0183));
#3650=CARTESIAN_POINT('',(-0.000499999999999979,-0.0216713317326018,0.0173));
#3651=CARTESIAN_POINT('',(-0.000499999999999989,-0.0216713317326018,0.0173));
#3652=CARTESIAN_POINT('',(-0.00025,-0.0216713317326018,0.0173));
#3653=CARTESIAN_POINT('',(0.0005,-0.0216713317326018,0.0173));
#3654=CARTESIAN_POINT('',(0.0005,-0.0216713317326018,0.0173));
#3655=CARTESIAN_POINT('',(0.,4.3055519841023E-18,0.0113));
#3656=CARTESIAN_POINT('',(0.,4.3055519841023E-18,0.012437258300203));
#3657=CARTESIAN_POINT('',(0.0146621944489817,0.0687693193142134,0.012437258300203));
#3658=CARTESIAN_POINT('',(-0.0146621944489817,0.0687693193142134,0.012437258300203));
#3659=CARTESIAN_POINT('',(-0.0146621944489817,0.0687693193142134,0.0113));
#3660=CARTESIAN_POINT('',(-0.0146621944489817,0.0687693193142134,-0.000251471862576143));
#3661=CARTESIAN_POINT('',(0.,4.3055519841023E-18,-0.000251471862576143));
#3662=CARTESIAN_POINT('',(0.0146621944489818,0.0687693193142134,-0.000251471862576143));
#3663=CARTESIAN_POINT('',(0.0146621944489818,0.0687693193142134,0.0113));
#3664=CARTESIAN_POINT('',(0.,0.,0.0183));
#3665=CARTESIAN_POINT('',(-0.0104758398572125,0.068625896612218,0.0183));
#3666=CARTESIAN_POINT('',(-0.0104075528551308,0.0677318636087127,0.0183));
#3667=CARTESIAN_POINT('',(-0.0104243035046914,0.0679511679137896,0.0183));
#3668=CARTESIAN_POINT('',(-0.0104243035046914,0.0679511679137896,0.0183));
#3669=CARTESIAN_POINT('',(-0.0105529231959628,0.0696350937765746,0.0183));
#3670=CARTESIAN_POINT('',(-0.011148633406489,0.0712555043746922,0.0183));
#3671=CARTESIAN_POINT('',(-0.011283852655321,0.0729192971726647,0.0183));
#3672=CARTESIAN_POINT('',(-0.011283852655321,0.0729192971726647,0.0183));
#3673=CARTESIAN_POINT('',(-1.00727620499595E-17,6.93889390390723E-17,0.0183));
#3674=CARTESIAN_POINT('',(0.0112838526553204,0.0729192971726648,0.0183));
#3675=CARTESIAN_POINT('',(0.0112838526553204,0.0729192971726648,0.0183));
#3676=CARTESIAN_POINT('',(0.0111473419442705,0.0712396136967113,0.0183));
#3677=CARTESIAN_POINT('',(0.0105527960691189,0.0696334293955008,0.0183));
#3678=CARTESIAN_POINT('',(0.0104243035046913,0.0679511679137892,0.0183));
#3679=CARTESIAN_POINT('',(0.0104243035046913,0.0679511679137892,0.0183));
#3680=CARTESIAN_POINT('',(0.0104758398572123,0.068625896612218,0.0183));
#3681=CARTESIAN_POINT('',(0.0104075528551308,0.0677318636087127,0.0183));
#3682=CARTESIAN_POINT('',(0.,0.0685268013578746,0.0183));
#3683=CARTESIAN_POINT('',(0.,7.00211478772841E-18,0.0078));
#3684=CARTESIAN_POINT('',(0.,7.00211478772841E-18,0.0183));
#3685=CARTESIAN_POINT('',(0.0230364303441829,7.00211478772841E-18,0.0183));
#3686=CARTESIAN_POINT('',(0.,7.00211478772841E-18,0.0063));
#3687=CARTESIAN_POINT('',(0.0230364303441829,7.00211478772841E-18,0.0063));
#3688=CARTESIAN_POINT('',(0.,0.,0.0183));
#3689=CARTESIAN_POINT('',(0.,-0.0216713317326018,0.0183));
#3690=CARTESIAN_POINT('',(0.,0.0685268013578746,0.008));
#3691=CARTESIAN_POINT('',(-0.00182988418324791,0.0582020490407739,0.00757782016408949));
#3692=CARTESIAN_POINT('',(2.13647628935607E-7,0.0580323982388935,0.00720442625807569));
#3693=CARTESIAN_POINT('',(0.00182902959273217,0.0582019598547077,0.00757759086486344));
#3694=CARTESIAN_POINT('',(0.00333635591755118,0.0586060081221072,0.00859697838773844));
#3695=CARTESIAN_POINT('',(0.00434949539608334,0.0590286615238541,0.010099269102825));
#3696=CARTESIAN_POINT('',(0.00472419189805288,0.0592210115972985,0.011919639101869));
#3697=CARTESIAN_POINT('',(0.00435370400203796,0.0590305870323655,0.0137526041065198));
#3698=CARTESIAN_POINT('',(0.00333728957297219,0.058606214949967,0.0152599464586863));
#3699=CARTESIAN_POINT('',(0.00183185243718564,0.0582027404581149,0.0162782880284462));
#3700=CARTESIAN_POINT('',(8.73522844308019E-6,0.0580326537079299,0.0166526754031064));
#3701=CARTESIAN_POINT('',(-0.00182120783907525,0.0582002631517676,0.0162840887747259));
#3702=CARTESIAN_POINT('',(-0.00333532447115652,0.0586054304247373,0.0152626599477552));
#3703=CARTESIAN_POINT('',(-0.00434996506167554,0.0590289043559403,0.0137582103392187));
#3704=CARTESIAN_POINT('',(-0.00472390548590439,0.0592208674882228,0.01193569741706));
#3705=CARTESIAN_POINT('',(-0.00435439018486602,0.0590309256441842,0.0101075998909139));
#3706=CARTESIAN_POINT('',(-0.00333813155897555,0.0586064743595292,0.00859805604223833));
#3707=CARTESIAN_POINT('',(-0.00182988418324791,0.0582020490407739,0.00757782016408949));
#3708=CARTESIAN_POINT('',(2.13647628935607E-7,0.0580323982388935,0.00720442625807569));
#3709=CARTESIAN_POINT('',(0.00182902959273217,0.0582019598547077,0.00757759086486344));
#3710=CARTESIAN_POINT('',(1.03664494181867E-19,0.0580889336418426,0.00732885267687595));
#3711=CARTESIAN_POINT('',(0.,0.0685268013578746,-0.000251471862576142));
#3712=CARTESIAN_POINT('',(0.0101138857711155,0.0659464143585641,-0.000251471862576142));
#3713=CARTESIAN_POINT('',(-0.0101138857711155,0.0659464143585641,-0.000251471862576142));
#3714=CARTESIAN_POINT('',(-0.0101138857711155,0.0659464143585641,0.008));
#3715=CARTESIAN_POINT('',(-0.0101138857711155,0.0659464143585641,0.012437258300203));
#3716=CARTESIAN_POINT('',(-0.0101138857711155,0.0659464143585641,0.012437258300203));
#3717=CARTESIAN_POINT('',(-0.0101138857711155,0.0659464143585641,0.0134515846982972));
#3718=CARTESIAN_POINT('',(-0.0101899518734975,0.066222806096128,0.0154654776889104));
#3719=CARTESIAN_POINT('',(-0.0103593610629035,0.0671009228522598,0.017309799659735));
#3720=CARTESIAN_POINT('',(-0.0104075528551308,0.0677318636087127,0.0181056223305633));
#3721=CARTESIAN_POINT('',(-0.0104075528551308,0.0677318636087127,0.0181056223305633));
#3722=CARTESIAN_POINT('',(-0.0104075528551308,0.0677318636087127,0.008));
#3723=CARTESIAN_POINT('',(0.0104075528551308,0.0677318636087127,0.008));
#3724=CARTESIAN_POINT('',(0.0104075528551308,0.0677318636087127,0.0181056223305637));
#3725=CARTESIAN_POINT('',(0.0104075528551308,0.0677318636087127,0.0181056223305633));
#3726=CARTESIAN_POINT('',(0.0103593610629035,0.0671009228522599,0.017309799659735));
#3727=CARTESIAN_POINT('',(0.0101899518734974,0.0662228060961279,0.0154654776889101));
#3728=CARTESIAN_POINT('',(0.0101138857711155,0.0659464143585641,0.0134515846982972));
#3729=CARTESIAN_POINT('',(0.0101138857711155,0.0659464143585641,0.012437258300203));
#3730=CARTESIAN_POINT('',(0.0101138857711155,0.0659464143585641,0.012437258300203));
#3731=CARTESIAN_POINT('',(0.0101138857711155,0.0659464143585641,0.008));
#3732=CARTESIAN_POINT('',(-0.0104758398572125,0.068625896612218,-0.0067));
#3733=CARTESIAN_POINT('',(-0.0104075528551308,0.0677318636087127,0.0181056223305633));
#3734=CARTESIAN_POINT('',(-0.0104130432518385,0.0678037454560538,0.0181717988999595));
#3735=CARTESIAN_POINT('',(-0.010418626831369,0.0678768472796186,0.0182365910155163));
#3736=CARTESIAN_POINT('',(-0.0104243035046914,0.0679511679137896,0.0183));
#3737=CARTESIAN_POINT('',(0.0104758398572123,0.068625896612218,-0.0067));
#3738=CARTESIAN_POINT('',(0.0104243035046913,0.0679511679137892,0.0183));
#3739=CARTESIAN_POINT('',(0.010418626831369,0.0678768472796183,0.0182365910155164));
#3740=CARTESIAN_POINT('',(0.0104130432518385,0.0678037454560537,0.0181717988999598));
#3741=CARTESIAN_POINT('',(0.0104075528551308,0.0677318636087127,0.0181056223305637));
#3742=CARTESIAN_POINT('',(-1.00727620499595E-17,6.93889390390723E-17,0.0163));
#3743=CARTESIAN_POINT('',(-0.011283852655321,0.0729192971726647,0.0183));
#3744=CARTESIAN_POINT('',(-0.0116206827388734,0.0728671746045647,0.0176823097843067));
#3745=CARTESIAN_POINT('',(-0.0126170664577456,0.0727085131537874,0.0166587057790935));
#3746=CARTESIAN_POINT('',(-0.013994642289114,0.0724512807912341,0.0162802053296659));
#3747=CARTESIAN_POINT('',(-0.0146798579044025,0.072312177417147,0.0162802053296659));
#3748=CARTESIAN_POINT('',(-0.0146798579044025,0.072312177417147,0.0162802053296659));
#3749=CARTESIAN_POINT('',(-1.00727620499595E-17,6.93889390390723E-17,0.0162802053296659));
#3750=CARTESIAN_POINT('',(0.0146798579044019,0.0723121774171471,0.0162802053296659));
#3751=CARTESIAN_POINT('',(0.0146798579044019,0.0723121774171471,0.0162802053296659));
#3752=CARTESIAN_POINT('',(0.0139884731697779,0.0724525331639116,0.016280205329666));
#3753=CARTESIAN_POINT('',(0.0126248920888903,0.0727070805386328,0.0166544941335248));
#3754=CARTESIAN_POINT('',(0.0116184175092053,0.0728675251361634,0.0176864638378496));
#3755=CARTESIAN_POINT('',(0.0112838526553204,0.0729192971726649,0.0183));
#3756=CARTESIAN_POINT('',(0.,-0.0216713317326018,0.0423));
#3757=CARTESIAN_POINT('',(0.,0.0685268013578746,-0.000251471862576142));
#3758=CARTESIAN_POINT('',(0.0115174529092245,0.0655883179277956,-0.000251471862576143));
#3759=CARTESIAN_POINT('',(-0.0115174529092245,0.0655883179277956,-0.000251471862576143));
#3760=CARTESIAN_POINT('',(0.,4.3055519841023E-18,-0.000251471862576143));
#3761=CARTESIAN_POINT('',(-0.070033139903831,0.000649683977856877,-0.00110591847668197));
#3762=CARTESIAN_POINT('',(-0.0697658099104539,0.000649683977856877,-0.00147185998924419));
#3763=CARTESIAN_POINT('',(-0.0693197237444397,0.000649683977856877,-0.00170000000000002));
#3764=CARTESIAN_POINT('',(-0.0688634072459961,0.000649683977856877,-0.0017));
#3765=CARTESIAN_POINT('',(-0.0700331399038309,0.000649683977856835,-0.00110591847668193));
#3766=CARTESIAN_POINT('',(0.,4.3055519841023E-18,-0.00110591847668193));
#3767=CARTESIAN_POINT('',(0.0700331399038309,0.000649683977856857,-0.00110591847668194));
#3768=CARTESIAN_POINT('',(0.0688634072459961,0.000649683977856877,-0.0017));
#3769=CARTESIAN_POINT('',(0.0693156345610977,0.000649683977856877,-0.00170000000000002));
#3770=CARTESIAN_POINT('',(0.0697647037674749,0.000649683977856877,-0.00147337416140915));
#3771=CARTESIAN_POINT('',(0.0700331399038309,0.000649683977856877,-0.00110591847668197));
#3772=CARTESIAN_POINT('',(0.0143601450823355,0.0673526330592447,-0.000251471862576143));
#3773=CARTESIAN_POINT('',(-0.0143601450823355,0.0673526330592447,-0.000251471862576143));
#3774=CARTESIAN_POINT('',(0.,4.3055519841023E-18,0.012437258300203));
#3775=CARTESIAN_POINT('',(-0.0146798579044025,0.072312177417147,0.0162802053296659));
#3776=CARTESIAN_POINT('',(-0.0147187315580664,0.0714558284012434,0.0161957015786934));
#3777=CARTESIAN_POINT('',(-0.0147628974588818,0.0706470450298927,0.0158452391664001));
#3778=CARTESIAN_POINT('',(-0.0148020038543637,0.0700054434941651,0.0152714409389733));
#3779=CARTESIAN_POINT('',(-0.0148020038543637,0.0700054434941651,0.0152714409389732));
#3780=CARTESIAN_POINT('',(-0.0148020038543637,0.0700054434941651,0.0152714409389732));
#3781=CARTESIAN_POINT('',(-0.0148263699346791,0.0696056798658036,0.0149139236193125));
#3782=CARTESIAN_POINT('',(-0.0147381206493411,0.0689805328967557,0.0140291962232832));
#3783=CARTESIAN_POINT('',(-0.0146621944489817,0.0687693193142134,0.0129733406624284));
#3784=CARTESIAN_POINT('',(-0.0146621944489817,0.0687693193142134,0.012437258300203));
#3785=CARTESIAN_POINT('',(0.0146621944489817,0.0687693193142134,0.012437258300203));
#3786=CARTESIAN_POINT('',(0.0146621944489817,0.0687693193142134,0.0129733406624284));
#3787=CARTESIAN_POINT('',(0.0147381206493411,0.0689805328967559,0.0140291962232834));
#3788=CARTESIAN_POINT('',(0.0148263699346791,0.0696056798658036,0.0149139236193125));
#3789=CARTESIAN_POINT('',(0.0148020038543637,0.0700054434941651,0.0152714409389732));
#3790=CARTESIAN_POINT('',(0.0148020038543637,0.0700054434941653,0.0152714409389735));
#3791=CARTESIAN_POINT('',(0.0148020038543637,0.0700054434941653,0.0152714409389735));
#3792=CARTESIAN_POINT('',(0.0147628974588816,0.0706470450298929,0.0158452391664002));
#3793=CARTESIAN_POINT('',(0.014718731558066,0.0714558284012435,0.0161957015786934));
#3794=CARTESIAN_POINT('',(0.0146798579044019,0.0723121774171471,0.0162802053296659));
#3795=CARTESIAN_POINT('',(0.0104075528551308,0.0677318636087127,0.0181056223305637));
#3796=CARTESIAN_POINT('',(0.0106251737898987,0.0705810192606757,0.0149927774253569));
#3797=CARTESIAN_POINT('',(0.0148020038543637,0.0700054434941653,0.0152714409389735));
#3798=CARTESIAN_POINT('',(0.0104620551219573,0.068445422907311,0.018762546267582));
#3799=CARTESIAN_POINT('',(0.0106470363864768,0.0708672506413097,0.0153310392710364));
#3800=CARTESIAN_POINT('',(0.0147796179944847,0.0703727185055751,0.0155999029808263));
#3801=CARTESIAN_POINT('',(0.0105879825408163,0.0700941007680238,0.0197889926706802));
#3802=CARTESIAN_POINT('',(0.0107003525068868,0.071565280570989,0.0159190896783924));
#3803=CARTESIAN_POINT('',(0.0147310115007158,0.0712204257442464,0.0161131262940919));
#3804=CARTESIAN_POINT('',(0.0107346032658517,0.0720137013242616,0.0201583900830729));
#3805=CARTESIAN_POINT('',(0.0107717779948501,0.0725004035312773,0.0162366320550702));
#3806=CARTESIAN_POINT('',(0.014684032161102,0.0722047917910525,0.0162978250402467));
#3807=CARTESIAN_POINT('',(0.010807929873727,0.0729737142912585,0.020162662771676));
#3808=CARTESIAN_POINT('',(0.0108092360793101,0.0729908155091342,0.0162978446674657));
#3809=CARTESIAN_POINT('',(0.0146628661841924,0.0726964625395457,0.0162999613858295));
#3810=CARTESIAN_POINT('',(0.014259074239511,0.0674376811257831,0.0181056223305637));
#3811=CARTESIAN_POINT('',(0.0101138857711155,0.0659464143585641,0.012437258300203));
#3812=CARTESIAN_POINT('',(0.0110315942413785,0.0695433936651194,0.012437258300203));
#3813=CARTESIAN_POINT('',(0.0146621944489818,0.0687693193142135,0.012437258300203));
#3814=CARTESIAN_POINT('',(0.0101138857716737,0.0659464143607516,0.0135087596437021));
#3815=CARTESIAN_POINT('',(0.0110315942409988,0.0695433936669149,0.0129934813259582));
#3816=CARTESIAN_POINT('',(0.0146621944490912,0.0687693193141901,0.0129730090898304));
#3817=CARTESIAN_POINT('',(0.0102016621293655,0.066258159088344,0.0156177042215837));
#3818=CARTESIAN_POINT('',(0.0109841587225715,0.0698341141740475,0.0141053541362191));
#3819=CARTESIAN_POINT('',(0.0147380069924612,0.0689795101359159,0.0140274816109783));
#3820=CARTESIAN_POINT('',(0.0103643291327569,0.067165966246716,0.0173918406562654));
#3821=CARTESIAN_POINT('',(0.0107632789278689,0.0703739248724923,0.0147508047229942));
#3822=CARTESIAN_POINT('',(0.0148263272385983,0.0696063802897992,0.014914550022907));
#3823=CARTESIAN_POINT('',(0.0104075528551308,0.0677318636087129,0.0181056223305634));
#3824=CARTESIAN_POINT('',(0.010625173789899,0.0705810192606759,0.014992777425357));
#3825=CARTESIAN_POINT('',(0.0148020038543637,0.0700054434941652,0.0152714409389733));
#3826=CARTESIAN_POINT('',(0.0138567298257028,0.0649914909633952,0.012437258300203));
#3827=CARTESIAN_POINT('',(0.0138567298257028,0.0649914909633952,0.008));
#3828=CARTESIAN_POINT('',(0.0138567298257028,0.0649914909633952,-0.000251471862576142));
#3829=CARTESIAN_POINT('',(0.0138567298257028,0.0649914909633952,-0.000251471862576142));
#3830=CARTESIAN_POINT('',(-0.0148020038543637,0.0700054434941651,0.0152714409389733));
#3831=CARTESIAN_POINT('',(-0.0106251737898991,0.0705810192606758,0.014992777425357));
#3832=CARTESIAN_POINT('',(-0.0104075528551308,0.0677318636087127,0.0181056223305633));
#3833=CARTESIAN_POINT('',(-0.0147796179944837,0.0703727185055846,0.0155999029808347));
#3834=CARTESIAN_POINT('',(-0.0106470363864728,0.0708672506412943,0.0153310392710386));
#3835=CARTESIAN_POINT('',(-0.0104620551219578,0.0684454229073171,0.0187625462675934));
#3836=CARTESIAN_POINT('',(-0.0147310115007154,0.0712204257442413,0.0161131262940875));
#3837=CARTESIAN_POINT('',(-0.0107003525068881,0.0715652805709934,0.0159190896783846));
#3838=CARTESIAN_POINT('',(-0.0105879825408171,0.0700941007680306,0.0197889926706741));
#3839=CARTESIAN_POINT('',(-0.0146840321611051,0.0722047917910522,0.0162978250402467));
#3840=CARTESIAN_POINT('',(-0.010771777994853,0.0725004035312819,0.0162366320550824));
#3841=CARTESIAN_POINT('',(-0.0107346032658507,0.0720137013242416,0.0201583900830729));
#3842=CARTESIAN_POINT('',(-0.014662866184193,0.0726964625395453,0.0162999613858295));
#3843=CARTESIAN_POINT('',(-0.0108092360793107,0.0729908155091342,0.0162978446674657));
#3844=CARTESIAN_POINT('',(-0.0108079298737276,0.0729737142912583,0.020162662771676));
#3845=CARTESIAN_POINT('',(-0.0142590742395109,0.0674376811257827,0.0181056223305633));
#3846=CARTESIAN_POINT('',(-0.0146621944489817,0.0687693193142135,0.012437258300203));
#3847=CARTESIAN_POINT('',(-0.0110315942413784,0.0695433936651194,0.012437258300203));
#3848=CARTESIAN_POINT('',(-0.0101138857711155,0.0659464143585641,0.012437258300203));
#3849=CARTESIAN_POINT('',(-0.0146621944491268,0.0687693193141825,0.0129730090898303));
#3850=CARTESIAN_POINT('',(-0.0110315942410385,0.0695433936669172,0.0129934813259573));
#3851=CARTESIAN_POINT('',(-0.010113885771676,0.0659464143607607,0.013508759643702));
#3852=CARTESIAN_POINT('',(-0.0147380069924351,0.0689795101360049,0.0140274816110537));
#3853=CARTESIAN_POINT('',(-0.010984158722525,0.069834114174098,0.0141053541362675));
#3854=CARTESIAN_POINT('',(-0.0102016621293727,0.0662581590884492,0.0156177042217279));
#3855=CARTESIAN_POINT('',(-0.014826327238615,0.0696063802896286,0.0149145500227556));
#3856=CARTESIAN_POINT('',(-0.0107632789279244,0.0703739248723828,0.0147508047228915));
#3857=CARTESIAN_POINT('',(-0.0103643291327401,0.0671659662464963,0.0173918406559759));
#3858=CARTESIAN_POINT('',(-0.0148020038543637,0.0700054434941651,0.0152714409389732));
#3859=CARTESIAN_POINT('',(-0.010625173789899,0.0705810192606758,0.014992777425357));
#3860=CARTESIAN_POINT('',(-0.0104075528551308,0.0677318636087127,0.0181056223305632));
#3861=CARTESIAN_POINT('',(-0.0138567298257028,0.0649914909633952,0.012437258300203));
#3862=CARTESIAN_POINT('',(-0.0138567298257028,0.0649914909633952,0.0113));
#3863=CARTESIAN_POINT('',(-0.0138567298257028,0.0649914909633952,-0.000251471862576144));
#3864=CARTESIAN_POINT('',(-0.0138567298257028,0.0649914909633952,-0.000251471862576143));
#3865=CARTESIAN_POINT('',(0.0692784307269468,0.000649683977856877,-0.0017));
#3866=CARTESIAN_POINT('',(0.0700331399038309,0.000649683977856857,-0.0017));
#3867=CARTESIAN_POINT('',(5.32604388494412E-18,1.35525271560688E-17,-0.0017));
#3868=CARTESIAN_POINT('',(-0.0700331399038309,0.000649683977856835,-0.0017));
#3869=CARTESIAN_POINT('',(-0.000754709176884139,0.000649683977856877,-0.0017));
#3870=CARTESIAN_POINT('',(-1.63309974954968E-6,-1.54836710943175E-8,0.0063));
#3871=CARTESIAN_POINT('',(-1.63309974954968E-6,-1.54836710943175E-8,0.0063));
#3872=CARTESIAN_POINT('',(1.63309974633593E-6,-1.54836713250391E-8,0.0063));
#3873=CARTESIAN_POINT('',(1.63309974633593E-6,-1.54836713250391E-8,0.0063));
#3874=CARTESIAN_POINT('',(0.,-0.000537432131842527,0.0063));
#3875=CARTESIAN_POINT('',(0.,0.0664,0.0119288526768759));
#3876=MECHANICAL_DESIGN_GEOMETRIC_PRESENTATION_REPRESENTATION('',(#2188),
#3877);
#3877=(
GEOMETRIC_REPRESENTATION_CONTEXT(3)
GLOBAL_UNCERTAINTY_ASSIGNED_CONTEXT((#3878))
GLOBAL_UNIT_ASSIGNED_CONTEXT((#3881,#3880,#3879))
REPRESENTATION_CONTEXT('Part 6','TOP_LEVEL_ASSEMBLY_PART')
);
#3878=UNCERTAINTY_MEASURE_WITH_UNIT(LENGTH_MEASURE(2.92070261447841E-5),
#3881,'DISTANCE_ACCURACY_VALUE','Maximum Tolerance applied to model');
#3879=(
NAMED_UNIT(*)
SI_UNIT($,.STERADIAN.)
SOLID_ANGLE_UNIT()
);
#3880=(
NAMED_UNIT(*)
PLANE_ANGLE_UNIT()
SI_UNIT($,.RADIAN.)
);
#3881=(
LENGTH_UNIT()
NAMED_UNIT(*)
SI_UNIT($,.METRE.)
);
#3882=PRODUCT_DEFINITION_SHAPE('','',#3883);
#3883=PRODUCT_DEFINITION('','',#3885,#3884);
#3884=PRODUCT_DEFINITION_CONTEXT('',#3891,'design');
#3885=PRODUCT_DEFINITION_FORMATION_WITH_SPECIFIED_SOURCE('','',#3887,
 .NOT_KNOWN.);
#3886=PRODUCT_RELATED_PRODUCT_CATEGORY('','',(#3887));
#3887=PRODUCT('Part 6','Part 6','Part 6',(#3889));
#3888=PRODUCT_CATEGORY('','');
#3889=PRODUCT_CONTEXT('',#3891,'mechanical');
#3890=APPLICATION_PROTOCOL_DEFINITION('international standard',
'ap242_managed_model_based_3d_engineering',2020,#3891);
#3891=APPLICATION_CONTEXT('managed model based 3d engineering');
ENDSEC;
END-ISO-10303-21;
